dumpLine	type	name
42687	Class	/Script/Population.PopulationSimpleSpawner
42688	ObjectProperty	/Script/Population.PopulationSimpleSpawner:GeneratedDataTable
42689	ObjectProperty	/Script/Population.PopulationSimpleSpawner:SpawnActivator
42690	ObjectProperty	/Script/Population.PopulationSimpleSpawner:DespawnActivator
42691	ArrayProperty	/Script/Population.PopulationSimpleSpawner:DynamicSpawnPoints
42692	ObjectProperty	DynamicSpawnPoints./Script/Population.PopulationSimpleSpawner:DynamicSpawnPoints
42693	MapProperty	/Script/Population.PopulationSimpleSpawner:SpawnedPawns
42694	UInt32Property	SpawnedPawns./Script/Population.PopulationSimpleSpawner:SpawnedPawns_Key
42695	WeakObjectProperty	SpawnedPawns./Script/Population.PopulationSimpleSpawner:SpawnedPawns
42696	Function	/Script/Population.PopulationSimpleSpawner:Stop
48283	Class	/Script/RebelFormation.RebelFormationGroupDefinition
48284	ArrayProperty	/Script/RebelFormation.RebelFormationGroupDefinition:Pawns
48285	StructProperty	Pawns./Script/RebelFormation.RebelFormationGroupDefinition:Pawns
48289	Class	/Script/RebelFormation.RebelFormationPopulationSimpleSpawner
48290	Class	/Script/RebelFormation.RebelFormationGroup_PawnData
48291	ObjectProperty	/Script/RebelFormation.RebelFormationGroup_PawnData:PawnPtr
48292	IntProperty	/Script/RebelFormation.RebelFormationGroup_PawnData:PositionIndex
48293	StructProperty	/Script/RebelFormation.RebelFormationGroup_PawnData:PawnSpawnData
48294	ObjectProperty	/Script/RebelFormation.RebelFormationGroup_PawnData:MovingHelper
48295	IntProperty	/Script/RebelFormation.RebelFormationGroup_PawnData:Type
48296	EnumProperty	/Script/RebelFormation.RebelFormationGroup_PawnData:PawnState
48297	StructProperty	/Script/RebelFormation.RebelFormationGroup_PawnData:ActualSteering
48298	StructProperty	/Script/RebelFormation.RebelFormationGroup_PawnData:TargetSteering
48299	NameProperty	/Script/RebelFormation.RebelFormationGroup_PawnData:RowName
48300	ClassProperty	/Script/RebelFormation.RebelFormationGroup_PawnData:OverridenReactionProfile
48301	ObjectProperty	/Script/RebelFormation.RebelFormationGroup_PawnData:Spawner
48302	ObjectProperty	/Script/RebelFormation.RebelFormationGroup_PawnData:MovementProfile
48303	Class	/Script/RebelFormation.RebelFormationGroup
48304	ObjectProperty	/Script/RebelFormation.RebelFormationGroup:FormationDefinition
48305	StructProperty	/Script/RebelFormation.RebelFormationGroup:FormationPositionData
48306	ArrayProperty	/Script/RebelFormation.RebelFormationGroup:ColumnsData
48307	StructProperty	ColumnsData./Script/RebelFormation.RebelFormationGroup:ColumnsData
48308	ArrayProperty	/Script/RebelFormation.RebelFormationGroup:FormationPawnsData
48309	ObjectProperty	FormationPawnsData./Script/RebelFormation.RebelFormationGroup:FormationPawnsData
48310	MapProperty	/Script/RebelFormation.RebelFormationGroup:PawnToData
48311	WeakObjectProperty	PawnToData./Script/RebelFormation.RebelFormationGroup:PawnToData_Key
48312	ObjectProperty	PawnToData./Script/RebelFormation.RebelFormationGroup:PawnToData
48313	ArrayProperty	/Script/RebelFormation.RebelFormationGroup:LastPawnPosition
48314	StructProperty	LastPawnPosition./Script/RebelFormation.RebelFormationGroup:LastPawnPosition
48315	StructProperty	/Script/RebelFormation.RebelFormationGroup:position
48316	EnumProperty	/Script/RebelFormation.RebelFormationGroup:FormationState
48317	ObjectProperty	/Script/RebelFormation.RebelFormationGroup:GroupDefinition
48318	ObjectProperty	/Script/RebelFormation.RebelFormationGroup:FormationActor
48319	ObjectProperty	/Script/RebelFormation.RebelFormationGroup:GroupDataTable
48320	Function	/Script/RebelFormation.RebelFormationGroup:StopCombatBehaviour
48321	Function	/Script/RebelFormation.RebelFormationGroup:StartCombatBehaviour
48322	Function	/Script/RebelFormation.RebelFormationGroup:ResumeTransport
48323	BoolProperty	/Script/RebelFormation.RebelFormationGroup:ResumeTransport:bForce
48324	Function	/Script/RebelFormation.RebelFormationGroup:PauseTransport
48325	BoolProperty	/Script/RebelFormation.RebelFormationGroup:PauseTransport:bForce
48326	Function	/Script/RebelFormation.RebelFormationGroup:IsPointInArea
48327	StructProperty	/Script/RebelFormation.RebelFormationGroup:IsPointInArea:Point
48328	EnumProperty	/Script/RebelFormation.RebelFormationGroup:IsPointInArea:AreaType
48329	BoolProperty	/Script/RebelFormation.RebelFormationGroup:IsPointInArea:ReturnValue
48330	Function	/Script/RebelFormation.RebelFormationGroup:IsNotInCombat
48331	BoolProperty	/Script/RebelFormation.RebelFormationGroup:IsNotInCombat:ReturnValue
48332	Function	/Script/RebelFormation.RebelFormationGroup:IsInCombat
48333	BoolProperty	/Script/RebelFormation.RebelFormationGroup:IsInCombat:ReturnValue
48334	Function	/Script/RebelFormation.RebelFormationGroup:IsGuardDefeated
48335	BoolProperty	/Script/RebelFormation.RebelFormationGroup:IsGuardDefeated:ReturnValue
48336	Function	/Script/RebelFormation.RebelFormationGroup:IsGuard
48337	ObjectProperty	/Script/RebelFormation.RebelFormationGroup:IsGuard:Actor
48338	BoolProperty	/Script/RebelFormation.RebelFormationGroup:IsGuard:ReturnValue
48339	Function	/Script/RebelFormation.RebelFormationGroup:IsFormationSpawned
48340	BoolProperty	/Script/RebelFormation.RebelFormationGroup:IsFormationSpawned:ReturnValue
48341	Function	/Script/RebelFormation.RebelFormationGroup:GetSpawnedGuards
48342	ArrayProperty	/Script/RebelFormation.RebelFormationGroup:GetSpawnedGuards:ReturnValue
48343	ObjectProperty	ReturnValue./Script/RebelFormation.RebelFormationGroup:GetSpawnedGuards:ReturnValue
48344	Function	/Script/RebelFormation.RebelFormationGroup:GetFormationState
48345	EnumProperty	/Script/RebelFormation.RebelFormationGroup:GetFormationState:ReturnValue
48346	Function	/Script/RebelFormation.RebelFormationGroup:GetFormationPosition
48347	StructProperty	/Script/RebelFormation.RebelFormationGroup:GetFormationPosition:ReturnValue
48348	Function	/Script/RebelFormation.RebelFormationGroup:GetAreaSize
48349	EnumProperty	/Script/RebelFormation.RebelFormationGroup:GetAreaSize:AreaType
48350	FloatProperty	/Script/RebelFormation.RebelFormationGroup:GetAreaSize:ReturnValue
48351	Function	/Script/RebelFormation.RebelFormationGroup:CheckLeftArea
48352	EnumProperty	/Script/RebelFormation.RebelFormationGroup:CheckLeftArea:AreaType
48353	BoolProperty	/Script/RebelFormation.RebelFormationGroup:CheckLeftArea:bPlayerOnlyCheck
48354	BoolProperty	/Script/RebelFormation.RebelFormationGroup:CheckLeftArea:ReturnValue
48355	Function	/Script/RebelFormation.RebelFormationGroup:CheckIsInArea
48356	EnumProperty	/Script/RebelFormation.RebelFormationGroup:CheckIsInArea:AreaType
48357	BoolProperty	/Script/RebelFormation.RebelFormationGroup:CheckIsInArea:bPlayerOnlyCheck
48358	BoolProperty	/Script/RebelFormation.RebelFormationGroup:CheckIsInArea:ReturnValue
48359	Function	/Script/RebelFormation.RebelFormationGroup:CheckEnteredArea
48360	EnumProperty	/Script/RebelFormation.RebelFormationGroup:CheckEnteredArea:AreaType
48361	BoolProperty	/Script/RebelFormation.RebelFormationGroup:CheckEnteredArea:bPlayerOnlyCheck
48362	BoolProperty	/Script/RebelFormation.RebelFormationGroup:CheckEnteredArea:ReturnValue
48363	Function	/Script/RebelFormation.RebelFormationGroup:CanStartCombatBehaviour
48364	BoolProperty	/Script/RebelFormation.RebelFormationGroup:CanStartCombatBehaviour:ReturnValue
48793	Class	/Script/RebelAI.RebelAIBoard
48794	ArrayProperty	/Script/RebelAI.RebelAIBoard:ActiveActions
48795	ObjectProperty	ActiveActions./Script/RebelAI.RebelAIBoard:ActiveActions
48796	MapProperty	/Script/RebelAI.RebelAIBoard:UsedRandomMontageMap
48797	NameProperty	UsedRandomMontageMap./Script/RebelAI.RebelAIBoard:UsedRandomMontageMap_Key
48798	StructProperty	UsedRandomMontageMap./Script/RebelAI.RebelAIBoard:UsedRandomMontageMap
48799	MapProperty	/Script/RebelAI.RebelAIBoard:ActionTimestamps
48800	StructProperty	ActionTimestamps./Script/RebelAI.RebelAIBoard:ActionTimestamps_Key
48802	MapProperty	/Script/RebelAI.RebelAIBoard:ActionEndTimestamps
48803	StructProperty	ActionEndTimestamps./Script/RebelAI.RebelAIBoard:ActionEndTimestamps_Key
48805	WeakObjectProperty	/Script/RebelAI.RebelAIBoard:Formation
48806	WeakObjectProperty	/Script/RebelAI.RebelAIBoard:AIStub
48807	StructProperty	/Script/RebelAI.RebelAIBoard:Tags
48808	BoolProperty	/Script/RebelAI.RebelAIBoard:bMainBehaviorSuspended
48809	StructProperty	/Script/RebelAI.RebelAIBoard:CurrentCharacterState
48810	StructProperty	/Script/RebelAI.RebelAIBoard:Weapon
48811	StructProperty	/Script/RebelAI.RebelAIBoard:Faction
48812	StructProperty	/Script/RebelAI.RebelAIBoard:CustomIdleBehaviorLogicTask
48813	StructProperty	/Script/RebelAI.RebelAIBoard:CharacterPose
48814	NameProperty	/Script/RebelAI.RebelAIBoard:CurrentPhaseName
48815	NameProperty	/Script/RebelAI.RebelAIBoard:CurrentBehaviorName
48816	BoolProperty	/Script/RebelAI.RebelAIBoard:bCanFight
48817	BoolProperty	/Script/RebelAI.RebelAIBoard:bIsDead
48818	StructProperty	/Script/RebelAI.RebelAIBoard:MoveLocation
48819	StructProperty	/Script/RebelAI.RebelAIBoard:RecentEvents
48820	SetProperty	/Script/RebelAI.RebelAIBoard:Sensed
48821	SetProperty	/Script/RebelAI.RebelAIBoard:Hostiles
48822	SetProperty	/Script/RebelAI.RebelAIBoard:Observers
48823	WeakObjectProperty	/Script/RebelAI.RebelAIBoard:Target
48824	WeakObjectProperty	/Script/RebelAI.RebelAIBoard:ForcedTarget
48825	StructProperty	/Script/RebelAI.RebelAIBoard:TicketBoard
48826	StructProperty	/Script/RebelAI.RebelAIBoard:TicketUser
48827	StructProperty	/Script/RebelAI.RebelAIBoard:Combat
48828	StructProperty	/Script/RebelAI.RebelAIBoard:Follower
48829	StructProperty	/Script/RebelAI.RebelAIBoard:Leader
48830	StructProperty	/Script/RebelAI.RebelAIBoard:ActionPoint
48831	StructProperty	/Script/RebelAI.RebelAIBoard:Aggression
48832	StructProperty	/Script/RebelAI.RebelAIBoard:Positioning
48833	StructProperty	/Script/RebelAI.RebelAIBoard:Cooldowns
48834	StructProperty	/Script/RebelAI.RebelAIBoard:Counters
48835	StructProperty	/Script/RebelAI.RebelAIBoard:Indicator
48836	ArrayProperty	/Script/RebelAI.RebelAIBoard:OverlappedPopulationTriggers
48837	WeakObjectProperty	OverlappedPopulationTriggers./Script/RebelAI.RebelAIBoard:OverlappedPopulationTriggers
48838	Function	/Script/RebelAI.RebelAIBoard:UpdateReactionLastSignalTime
48839	Function	/Script/RebelAI.RebelAIBoard:Temp_BP_SetWeapon
48840	StructProperty	/Script/RebelAI.RebelAIBoard:Temp_BP_SetWeapon:Tag
48841	Function	/Script/RebelAI.RebelAIBoard:Temp_BP_SetCombatMode
48842	StructProperty	/Script/RebelAI.RebelAIBoard:Temp_BP_SetCombatMode:CombatModeTag
48843	Function	/Script/RebelAI.RebelAIBoard:Temp_BP_GetWeapon
48844	StructProperty	/Script/RebelAI.RebelAIBoard:Temp_BP_GetWeapon:ReturnValue
48845	Function	/Script/RebelAI.RebelAIBoard:Temp_BP_GetCombatMode
48846	StructProperty	/Script/RebelAI.RebelAIBoard:Temp_BP_GetCombatMode:CombatModeTag
48847	Function	/Script/RebelAI.RebelAIBoard:StopReaction
48848	Function	/Script/RebelAI.RebelAIBoard:StopPlayingMontagesByActions
48849	Function	/Script/RebelAI.RebelAIBoard:StopAllActions
48850	Function	/Script/RebelAI.RebelAIBoard:SetVectorPropertyByName
48851	NameProperty	/Script/RebelAI.RebelAIBoard:SetVectorPropertyByName:PropertyName
48852	StructProperty	/Script/RebelAI.RebelAIBoard:SetVectorPropertyByName:Value
48853	Function	/Script/RebelAI.RebelAIBoard:SetTotalCombatPhases
48854	IntProperty	/Script/RebelAI.RebelAIBoard:SetTotalCombatPhases:TotalPhases
48855	Function	/Script/RebelAI.RebelAIBoard:SetObjectPropertyByName
48856	NameProperty	/Script/RebelAI.RebelAIBoard:SetObjectPropertyByName:PropertyName
48857	ObjectProperty	/Script/RebelAI.RebelAIBoard:SetObjectPropertyByName:Value
48858	Function	/Script/RebelAI.RebelAIBoard:SetIntPropertyByName
48859	NameProperty	/Script/RebelAI.RebelAIBoard:SetIntPropertyByName:PropertyName
48860	IntProperty	/Script/RebelAI.RebelAIBoard:SetIntPropertyByName:Value
48861	Function	/Script/RebelAI.RebelAIBoard:SetForcedTarget
48862	ObjectProperty	/Script/RebelAI.RebelAIBoard:SetForcedTarget:InTarget
48863	FloatProperty	/Script/RebelAI.RebelAIBoard:SetForcedTarget:duration
48864	Function	/Script/RebelAI.RebelAIBoard:SetFloatPropertyByName
48865	NameProperty	/Script/RebelAI.RebelAIBoard:SetFloatPropertyByName:PropertyName
48866	FloatProperty	/Script/RebelAI.RebelAIBoard:SetFloatPropertyByName:Value
48867	Function	/Script/RebelAI.RebelAIBoard:SetCustomIdleBehaviorLogicTask
48868	StructProperty	/Script/RebelAI.RebelAIBoard:SetCustomIdleBehaviorLogicTask:LogicTaskTag
48869	Function	/Script/RebelAI.RebelAIBoard:SetCustomGuardDirectionMappings
48870	MapProperty	/Script/RebelAI.RebelAIBoard:SetCustomGuardDirectionMappings:CustomGuardDirectionMappings
48871	StructProperty	CustomGuardDirectionMappings./Script/RebelAI.RebelAIBoard:SetCustomGuardDirectionMappings:CustomGuardDirectionMappings_Key
48872	StructProperty	CustomGuardDirectionMappings./Script/RebelAI.RebelAIBoard:SetCustomGuardDirectionMappings:CustomGuardDirectionMappings
48873	Function	/Script/RebelAI.RebelAIBoard:SetCurrentCombatPhase
48874	IntProperty	/Script/RebelAI.RebelAIBoard:SetCurrentCombatPhase:Phase
48875	Function	/Script/RebelAI.RebelAIBoard:RemoveTags
48876	StructProperty	/Script/RebelAI.RebelAIBoard:RemoveTags:InTags
48877	Function	/Script/RebelAI.RebelAIBoard:RemoveTag
48878	StructProperty	/Script/RebelAI.RebelAIBoard:RemoveTag:Tag
48879	Function	/Script/RebelAI.RebelAIBoard:RemoveSensedObject
48880	ObjectProperty	/Script/RebelAI.RebelAIBoard:RemoveSensedObject:Stub
48881	Function	/Script/RebelAI.RebelAIBoard:RemoveRememberFear
48882	ObjectProperty	/Script/RebelAI.RebelAIBoard:RemoveRememberFear:Stub
48883	Function	/Script/RebelAI.RebelAIBoard:RemoveIndicatorState
48884	IntProperty	/Script/RebelAI.RebelAIBoard:RemoveIndicatorState:ID
48885	BoolProperty	/Script/RebelAI.RebelAIBoard:RemoveIndicatorState:ReturnValue
48886	Function	/Script/RebelAI.RebelAIBoard:OverrideReactionParams
48887	StructProperty	/Script/RebelAI.RebelAIBoard:OverrideReactionParams:Data
48888	ObjectProperty	/Script/RebelAI.RebelAIBoard:OverrideReactionParams:Instigator
48889	StructProperty	/Script/RebelAI.RebelAIBoard:OverrideReactionParams:SituationTag
48890	Function	/Script/RebelAI.RebelAIBoard:NumObservers
48891	IntProperty	/Script/RebelAI.RebelAIBoard:NumObservers:ReturnValue
48892	Function	/Script/RebelAI.RebelAIBoard:NumHostiles
48893	IntProperty	/Script/RebelAI.RebelAIBoard:NumHostiles:ReturnValue
48894	Function	/Script/RebelAI.RebelAIBoard:IsStubInsideMyCombatGuardArea
48895	ObjectProperty	/Script/RebelAI.RebelAIBoard:IsStubInsideMyCombatGuardArea:OtherStub
48896	BoolProperty	/Script/RebelAI.RebelAIBoard:IsStubInsideMyCombatGuardArea:ReturnValue
48897	Function	/Script/RebelAI.RebelAIBoard:IsSomeoneHoldingTicket
48898	StructProperty	/Script/RebelAI.RebelAIBoard:IsSomeoneHoldingTicket:TicketTypeTag
48899	BoolProperty	/Script/RebelAI.RebelAIBoard:IsSomeoneHoldingTicket:ReturnValue
48900	Function	/Script/RebelAI.RebelAIBoard:IsReactionInteruptableByCutscene
48901	BoolProperty	/Script/RebelAI.RebelAIBoard:IsReactionInteruptableByCutscene:ReturnValue
48902	Function	/Script/RebelAI.RebelAIBoard:IsInsideGuardArea
48903	ObjectProperty	/Script/RebelAI.RebelAIBoard:IsInsideGuardArea:CheckTarget
48904	BoolProperty	/Script/RebelAI.RebelAIBoard:IsInsideGuardArea:ReturnValue
48905	Function	/Script/RebelAI.RebelAIBoard:IsInsideCombatGuardArea
48906	BoolProperty	/Script/RebelAI.RebelAIBoard:IsInsideCombatGuardArea:ReturnValue
48907	Function	/Script/RebelAI.RebelAIBoard:IsBeingAttackedBy
48908	ObjectProperty	/Script/RebelAI.RebelAIBoard:IsBeingAttackedBy:Attacker
48909	BoolProperty	/Script/RebelAI.RebelAIBoard:IsBeingAttackedBy:ReturnValue
48910	Function	/Script/RebelAI.RebelAIBoard:IsBeingAttacked
48911	BoolProperty	/Script/RebelAI.RebelAIBoard:IsBeingAttacked:ReturnValue
48912	Function	/Script/RebelAI.RebelAIBoard:HasTicketToGive
48913	StructProperty	/Script/RebelAI.RebelAIBoard:HasTicketToGive:TicketTypeTag
48914	BoolProperty	/Script/RebelAI.RebelAIBoard:HasTicketToGive:ReturnValue
48915	Function	/Script/RebelAI.RebelAIBoard:HasTicketOfType
48916	StructProperty	/Script/RebelAI.RebelAIBoard:HasTicketOfType:TicketTypeTag
48917	BoolProperty	/Script/RebelAI.RebelAIBoard:HasTicketOfType:ReturnValue
48918	Function	/Script/RebelAI.RebelAIBoard:HasTag
48919	StructProperty	/Script/RebelAI.RebelAIBoard:HasTag:Tag
48920	BoolProperty	/Script/RebelAI.RebelAIBoard:HasTag:bExactMatch
48921	BoolProperty	/Script/RebelAI.RebelAIBoard:HasTag:ReturnValue
48922	Function	/Script/RebelAI.RebelAIBoard:HasSensedObject
48923	ObjectProperty	/Script/RebelAI.RebelAIBoard:HasSensedObject:Stub
48924	BoolProperty	/Script/RebelAI.RebelAIBoard:HasSensedObject:ReturnValue
48925	Function	/Script/RebelAI.RebelAIBoard:HasRememberFear
48926	ObjectProperty	/Script/RebelAI.RebelAIBoard:HasRememberFear:Stub
48927	BoolProperty	/Script/RebelAI.RebelAIBoard:HasRememberFear:ReturnValue
48928	Function	/Script/RebelAI.RebelAIBoard:HasReaction
48929	BoolProperty	/Script/RebelAI.RebelAIBoard:HasReaction:ReturnValue
48930	Function	/Script/RebelAI.RebelAIBoard:HasPerformedActionRecently
48931	StructProperty	/Script/RebelAI.RebelAIBoard:HasPerformedActionRecently:ActionTag
48932	FloatProperty	/Script/RebelAI.RebelAIBoard:HasPerformedActionRecently:TimeWindowSeconds
48933	BoolProperty	/Script/RebelAI.RebelAIBoard:HasPerformedActionRecently:ReturnValue
48934	Function	/Script/RebelAI.RebelAIBoard:HasHostile
48935	ObjectProperty	/Script/RebelAI.RebelAIBoard:HasHostile:Stub
48936	BoolProperty	/Script/RebelAI.RebelAIBoard:HasHostile:ReturnValue
48937	Function	/Script/RebelAI.RebelAIBoard:HasFinishedActionRecently
48938	StructProperty	/Script/RebelAI.RebelAIBoard:HasFinishedActionRecently:ActionTag
48939	FloatProperty	/Script/RebelAI.RebelAIBoard:HasFinishedActionRecently:TimeWindowSeconds
48940	BoolProperty	/Script/RebelAI.RebelAIBoard:HasFinishedActionRecently:ReturnValue
48941	Function	/Script/RebelAI.RebelAIBoard:HasAttacker
48942	ObjectProperty	/Script/RebelAI.RebelAIBoard:HasAttacker:Stub
48943	BoolProperty	/Script/RebelAI.RebelAIBoard:HasAttacker:ReturnValue
48944	Function	/Script/RebelAI.RebelAIBoard:HasAnyUnbreakableActiveAction
48945	BoolProperty	/Script/RebelAI.RebelAIBoard:HasAnyUnbreakableActiveAction:ReturnValue
48946	Function	/Script/RebelAI.RebelAIBoard:HasAnyTags
48947	StructProperty	/Script/RebelAI.RebelAIBoard:HasAnyTags:InTags
48948	BoolProperty	/Script/RebelAI.RebelAIBoard:HasAnyTags:bExactMatch
48949	BoolProperty	/Script/RebelAI.RebelAIBoard:HasAnyTags:ReturnValue
48950	Function	/Script/RebelAI.RebelAIBoard:HasAnyActiveActionWithTags
48951	StructProperty	/Script/RebelAI.RebelAIBoard:HasAnyActiveActionWithTags:ActionTags
48952	BoolProperty	/Script/RebelAI.RebelAIBoard:HasAnyActiveActionWithTags:ReturnValue
48953	Function	/Script/RebelAI.RebelAIBoard:HasAnyActiveAction
48954	StructProperty	/Script/RebelAI.RebelAIBoard:HasAnyActiveAction:ActionTags
48955	BoolProperty	/Script/RebelAI.RebelAIBoard:HasAnyActiveAction:ReturnValue
48956	Function	/Script/RebelAI.RebelAIBoard:HasAllTags
48957	StructProperty	/Script/RebelAI.RebelAIBoard:HasAllTags:InTags
48958	BoolProperty	/Script/RebelAI.RebelAIBoard:HasAllTags:bExactMatch
48959	BoolProperty	/Script/RebelAI.RebelAIBoard:HasAllTags:ReturnValue
48960	Function	/Script/RebelAI.RebelAIBoard:GetTarget
48961	ObjectProperty	/Script/RebelAI.RebelAIBoard:GetTarget:ReturnValue
48962	Function	/Script/RebelAI.RebelAIBoard:GetRecentEvents
48963	StructProperty	/Script/RebelAI.RebelAIBoard:GetRecentEvents:ReturnValue
48964	Function	/Script/RebelAI.RebelAIBoard:GetReactionSituationTag
48965	StructProperty	/Script/RebelAI.RebelAIBoard:GetReactionSituationTag:ReturnValue
48966	Function	/Script/RebelAI.RebelAIBoard:GetReactionSituationOrigin
48967	StructProperty	/Script/RebelAI.RebelAIBoard:GetReactionSituationOrigin:ReturnValue
48968	Function	/Script/RebelAI.RebelAIBoard:GetReactionLastSignalTime
48969	DoubleProperty	/Script/RebelAI.RebelAIBoard:GetReactionLastSignalTime:ReturnValue
48970	Function	/Script/RebelAI.RebelAIBoard:GetReactionIsResumed
48971	BoolProperty	/Script/RebelAI.RebelAIBoard:GetReactionIsResumed:ReturnValue
48972	Function	/Script/RebelAI.RebelAIBoard:GetReactionInstigator
48973	ObjectProperty	/Script/RebelAI.RebelAIBoard:GetReactionInstigator:ReturnValue
48974	Function	/Script/RebelAI.RebelAIBoard:GetGuardAreaLocation
48975	StructProperty	/Script/RebelAI.RebelAIBoard:GetGuardAreaLocation:ReturnValue
48976	Function	/Script/RebelAI.RebelAIBoard:GetFormation
48977	ObjectProperty	/Script/RebelAI.RebelAIBoard:GetFormation:ReturnValue
48978	Function	/Script/RebelAI.RebelAIBoard:GetForcedTarget
48979	ObjectProperty	/Script/RebelAI.RebelAIBoard:GetForcedTarget:ReturnValue
48980	Function	/Script/RebelAI.RebelAIBoard:GetCurrentIndicatorIconType
48981	EnumProperty	/Script/RebelAI.RebelAIBoard:GetCurrentIndicatorIconType:ReturnValue
48982	Function	/Script/RebelAI.RebelAIBoard:GetCombatArena
48983	ObjectProperty	/Script/RebelAI.RebelAIBoard:GetCombatArena:ReturnValue
48984	Function	/Script/RebelAI.RebelAIBoard:GetClosestEdgePointOnGuardArea
48985	StructProperty	/Script/RebelAI.RebelAIBoard:GetClosestEdgePointOnGuardArea:Location
48986	StructProperty	/Script/RebelAI.RebelAIBoard:GetClosestEdgePointOnGuardArea:ReturnValue
48987	Function	/Script/RebelAI.RebelAIBoard:GetClosestEdgePointOnCombatGuardArea
48988	StructProperty	/Script/RebelAI.RebelAIBoard:GetClosestEdgePointOnCombatGuardArea:Location
48989	StructProperty	/Script/RebelAI.RebelAIBoard:GetClosestEdgePointOnCombatGuardArea:ReturnValue
48990	Function	/Script/RebelAI.RebelAIBoard:GetCharacterPose
48991	StructProperty	/Script/RebelAI.RebelAIBoard:GetCharacterPose:ReturnValue
48992	Function	/Script/RebelAI.RebelAIBoard:GetBlockingDirections
48993	StructProperty	/Script/RebelAI.RebelAIBoard:GetBlockingDirections:ReturnValue
48994	Function	/Script/RebelAI.RebelAIBoard:GetAttackers
48995	ArrayProperty	/Script/RebelAI.RebelAIBoard:GetAttackers:ReturnValue
48996	ObjectProperty	ReturnValue./Script/RebelAI.RebelAIBoard:GetAttackers:ReturnValue
48997	Function	/Script/RebelAI.RebelAIBoard:GetActiveAction
48998	StructProperty	/Script/RebelAI.RebelAIBoard:GetActiveAction:ActionTag
48999	ObjectProperty	/Script/RebelAI.RebelAIBoard:GetActiveAction:ReturnValue
49000	Function	/Script/RebelAI.RebelAIBoard:GetActionTimestamp
49001	StructProperty	/Script/RebelAI.RebelAIBoard:GetActionTimestamp:ActionTag
49002	DoubleProperty	/Script/RebelAI.RebelAIBoard:GetActionTimestamp:ReturnValue
49003	Function	/Script/RebelAI.RebelAIBoard:GetActionEndTimestamp
49004	StructProperty	/Script/RebelAI.RebelAIBoard:GetActionEndTimestamp:ActionTag
49005	DoubleProperty	/Script/RebelAI.RebelAIBoard:GetActionEndTimestamp:ReturnValue
49006	Function	/Script/RebelAI.RebelAIBoard:CopyGuardAreaFromStub
49007	ObjectProperty	/Script/RebelAI.RebelAIBoard:CopyGuardAreaFromStub:Stub
49008	Function	/Script/RebelAI.RebelAIBoard:CheckCombatPathToStub
49009	ObjectProperty	/Script/RebelAI.RebelAIBoard:CheckCombatPathToStub:Stub
49010	BoolProperty	/Script/RebelAI.RebelAIBoard:CheckCombatPathToStub:ReturnValue
49011	Function	/Script/RebelAI.RebelAIBoard:CanBeAttacked
49012	ArrayProperty	/Script/RebelAI.RebelAIBoard:CanBeAttacked:StubsToIgnore
49013	ObjectProperty	StubsToIgnore./Script/RebelAI.RebelAIBoard:CanBeAttacked:StubsToIgnore
49014	BoolProperty	/Script/RebelAI.RebelAIBoard:CanBeAttacked:ReturnValue
49015	Function	/Script/RebelAI.RebelAIBoard:BP_HasActiveAction
49016	StructProperty	/Script/RebelAI.RebelAIBoard:BP_HasActiveAction:ActionTag
49017	BoolProperty	/Script/RebelAI.RebelAIBoard:BP_HasActiveAction:ReturnValue
49018	Function	/Script/RebelAI.RebelAIBoard:BP_AddHostile
49019	ObjectProperty	/Script/RebelAI.RebelAIBoard:BP_AddHostile:Stub
49020	Function	/Script/RebelAI.RebelAIBoard:AddTags
49021	StructProperty	/Script/RebelAI.RebelAIBoard:AddTags:InTags
49022	Function	/Script/RebelAI.RebelAIBoard:AddTag
49023	StructProperty	/Script/RebelAI.RebelAIBoard:AddTag:Tag
49024	Function	/Script/RebelAI.RebelAIBoard:AddSensedObject
49025	ObjectProperty	/Script/RebelAI.RebelAIBoard:AddSensedObject:Stub
49026	Function	/Script/RebelAI.RebelAIBoard:AddRememberFear
49027	ObjectProperty	/Script/RebelAI.RebelAIBoard:AddRememberFear:Stub
49028	FloatProperty	/Script/RebelAI.RebelAIBoard:AddRememberFear:ReactionEnd
49029	FloatProperty	/Script/RebelAI.RebelAIBoard:AddRememberFear:RememberFor
49030	StructProperty	/Script/RebelAI.RebelAIBoard:AddRememberFear:SituationTag
49031	BoolProperty	/Script/RebelAI.RebelAIBoard:AddRememberFear:bRenew
49032	Function	/Script/RebelAI.RebelAIBoard:AddLookAtTarget
49033	ObjectProperty	/Script/RebelAI.RebelAIBoard:AddLookAtTarget:InTarget
49034	Function	/Script/RebelAI.RebelAIBoard:AddIndicatorState
49035	EnumProperty	/Script/RebelAI.RebelAIBoard:AddIndicatorState:Priority
49036	StructProperty	/Script/RebelAI.RebelAIBoard:AddIndicatorState:State
49037	BoolProperty	/Script/RebelAI.RebelAIBoard:AddIndicatorState:bPushToBottom
49038	IntProperty	/Script/RebelAI.RebelAIBoard:AddIndicatorState:ReturnValue
49039	Function	/Script/RebelAI.RebelAIBoard:ActivateParryWindowForIndicatorState
49040	IntProperty	/Script/RebelAI.RebelAIBoard:ActivateParryWindowForIndicatorState:ID
49041	Class	/Script/RebelAI.RebelAIBoardBlueprintFunctionLibrary
49042	Function	/Script/RebelAI.RebelAIBoardBlueprintFunctionLibrary:SetReactionToShouldAbortCommunityBehavior
49043	ObjectProperty	/Script/RebelAI.RebelAIBoardBlueprintFunctionLibrary:SetReactionToShouldAbortCommunityBehavior:AIStub
49044	Function	/Script/RebelAI.RebelAIBoardBlueprintFunctionLibrary:SetIgnoreGuardAreas
49045	ObjectProperty	/Script/RebelAI.RebelAIBoardBlueprintFunctionLibrary:SetIgnoreGuardAreas:AIStubm
49046	BoolProperty	/Script/RebelAI.RebelAIBoardBlueprintFunctionLibrary:SetIgnoreGuardAreas:bIgnore
49047	Function	/Script/RebelAI.RebelAIBoardBlueprintFunctionLibrary:RequestRestoreCurrentReactionAfterBehaviorChange
49048	ObjectProperty	/Script/RebelAI.RebelAIBoardBlueprintFunctionLibrary:RequestRestoreCurrentReactionAfterBehaviorChange:AIStub
49049	Function	/Script/RebelAI.RebelAIBoardBlueprintFunctionLibrary:IsLeaderOrFollowerOfPlayer
49050	ObjectProperty	/Script/RebelAI.RebelAIBoardBlueprintFunctionLibrary:IsLeaderOrFollowerOfPlayer:AIStub
49051	BoolProperty	/Script/RebelAI.RebelAIBoardBlueprintFunctionLibrary:IsLeaderOrFollowerOfPlayer:ReturnValue
49052	Function	/Script/RebelAI.RebelAIBoardBlueprintFunctionLibrary:IsLeaderOrFollower
49053	ObjectProperty	/Script/RebelAI.RebelAIBoardBlueprintFunctionLibrary:IsLeaderOrFollower:AIStub
49054	BoolProperty	/Script/RebelAI.RebelAIBoardBlueprintFunctionLibrary:IsLeaderOrFollower:ReturnValue
49055	Function	/Script/RebelAI.RebelAIBoardBlueprintFunctionLibrary:GetIsReadyForFinisher
49056	ObjectProperty	/Script/RebelAI.RebelAIBoardBlueprintFunctionLibrary:GetIsReadyForFinisher:AIStub
49057	BoolProperty	/Script/RebelAI.RebelAIBoardBlueprintFunctionLibrary:GetIsReadyForFinisher:ReturnValue
49058	Function	/Script/RebelAI.RebelAIBoardBlueprintFunctionLibrary:GetIsInReactionAndShouldAbortCommunityBehavior
49059	ObjectProperty	/Script/RebelAI.RebelAIBoardBlueprintFunctionLibrary:GetIsInReactionAndShouldAbortCommunityBehavior:AIStub
49060	BoolProperty	/Script/RebelAI.RebelAIBoardBlueprintFunctionLibrary:GetIsInReactionAndShouldAbortCommunityBehavior:ReturnValue
49061	Function	/Script/RebelAI.RebelAIBoardBlueprintFunctionLibrary:GetIsInReaction
49062	ObjectProperty	/Script/RebelAI.RebelAIBoardBlueprintFunctionLibrary:GetIsInReaction:AIStub
49063	BoolProperty	/Script/RebelAI.RebelAIBoardBlueprintFunctionLibrary:GetIsInReaction:ReturnValue
49064	Function	/Script/RebelAI.RebelAIBoardBlueprintFunctionLibrary:GetIsInLeaderMode
49065	ObjectProperty	/Script/RebelAI.RebelAIBoardBlueprintFunctionLibrary:GetIsInLeaderMode:AIStub
49066	BoolProperty	/Script/RebelAI.RebelAIBoardBlueprintFunctionLibrary:GetIsInLeaderMode:ReturnValue
49067	Function	/Script/RebelAI.RebelAIBoardBlueprintFunctionLibrary:GetIsInFollowerMode
49068	ObjectProperty	/Script/RebelAI.RebelAIBoardBlueprintFunctionLibrary:GetIsInFollowerMode:AIStub
49069	BoolProperty	/Script/RebelAI.RebelAIBoardBlueprintFunctionLibrary:GetIsInFollowerMode:ReturnValue
49070	Function	/Script/RebelAI.RebelAIBoardBlueprintFunctionLibrary:GetIsInCombat
49071	ObjectProperty	/Script/RebelAI.RebelAIBoardBlueprintFunctionLibrary:GetIsInCombat:AIStub
49072	BoolProperty	/Script/RebelAI.RebelAIBoardBlueprintFunctionLibrary:GetIsInCombat:ReturnValue
49081	Class	/Script/RebelAI.RebelAICombatBlueprintFunctionLibrary
49082	Function	/Script/RebelAI.RebelAICombatBlueprintFunctionLibrary:StopCombatBehaviors
49083	ObjectProperty	/Script/RebelAI.RebelAICombatBlueprintFunctionLibrary:StopCombatBehaviors:AIStub
49084	BoolProperty	/Script/RebelAI.RebelAICombatBlueprintFunctionLibrary:StopCombatBehaviors:bShouldSwitchToIdlePhase
49085	BoolProperty	/Script/RebelAI.RebelAICombatBlueprintFunctionLibrary:StopCombatBehaviors:bShouldRestorePreCombatAttitudeToInstigator
49086	Function	/Script/RebelAI.RebelAICombatBlueprintFunctionLibrary:StartCombatBehaviors
49087	ObjectProperty	/Script/RebelAI.RebelAICombatBlueprintFunctionLibrary:StartCombatBehaviors:AIStub
49088	BoolProperty	/Script/RebelAI.RebelAICombatBlueprintFunctionLibrary:StartCombatBehaviors:ReturnValue
49089	Function	/Script/RebelAI.RebelAICombatBlueprintFunctionLibrary:SetCombatInstigator
49090	ObjectProperty	/Script/RebelAI.RebelAICombatBlueprintFunctionLibrary:SetCombatInstigator:AIStub
49091	ObjectProperty	/Script/RebelAI.RebelAICombatBlueprintFunctionLibrary:SetCombatInstigator:Instigator
49092	Function	/Script/RebelAI.RebelAICombatBlueprintFunctionLibrary:BP_SetPreferredOrbitAngle
49093	ObjectProperty	/Script/RebelAI.RebelAICombatBlueprintFunctionLibrary:BP_SetPreferredOrbitAngle:AIStub
49094	FloatProperty	/Script/RebelAI.RebelAICombatBlueprintFunctionLibrary:BP_SetPreferredOrbitAngle:NewAngle
49095	Function	/Script/RebelAI.RebelAICombatBlueprintFunctionLibrary:BP_SetPreferredLocation
49096	ObjectProperty	/Script/RebelAI.RebelAICombatBlueprintFunctionLibrary:BP_SetPreferredLocation:AIStub
49097	StructProperty	/Script/RebelAI.RebelAICombatBlueprintFunctionLibrary:BP_SetPreferredLocation:Location
49098	Function	/Script/RebelAI.RebelAICombatBlueprintFunctionLibrary:BP_SetDestinationLocationOnOrbit
49099	ObjectProperty	/Script/RebelAI.RebelAICombatBlueprintFunctionLibrary:BP_SetDestinationLocationOnOrbit:AIStub
49100	StructProperty	/Script/RebelAI.RebelAICombatBlueprintFunctionLibrary:BP_SetDestinationLocationOnOrbit:Location
49101	Function	/Script/RebelAI.RebelAICombatBlueprintFunctionLibrary:BP_SetBlockingDirection
49102	ObjectProperty	/Script/RebelAI.RebelAICombatBlueprintFunctionLibrary:BP_SetBlockingDirection:AIStub
49103	StructProperty	/Script/RebelAI.RebelAICombatBlueprintFunctionLibrary:BP_SetBlockingDirection:Direction
49104	Function	/Script/RebelAI.RebelAICombatBlueprintFunctionLibrary:BP_ReadyForFinisher
49105	ObjectProperty	/Script/RebelAI.RebelAICombatBlueprintFunctionLibrary:BP_ReadyForFinisher:AIStub
49106	BoolProperty	/Script/RebelAI.RebelAICombatBlueprintFunctionLibrary:BP_ReadyForFinisher:bEnable
49107	Function	/Script/RebelAI.RebelAICombatBlueprintFunctionLibrary:BP_IsWeaponEquipped
49108	ObjectProperty	/Script/RebelAI.RebelAICombatBlueprintFunctionLibrary:BP_IsWeaponEquipped:AIStub
49109	BoolProperty	/Script/RebelAI.RebelAICombatBlueprintFunctionLibrary:BP_IsWeaponEquipped:ReturnValue
49110	Function	/Script/RebelAI.RebelAICombatBlueprintFunctionLibrary:BP_IsValueInFloatRange
49111	FloatProperty	/Script/RebelAI.RebelAICombatBlueprintFunctionLibrary:BP_IsValueInFloatRange:Value
49112	StructProperty	/Script/RebelAI.RebelAICombatBlueprintFunctionLibrary:BP_IsValueInFloatRange:Range
49113	BoolProperty	/Script/RebelAI.RebelAICombatBlueprintFunctionLibrary:BP_IsValueInFloatRange:ReturnValue
49114	Function	/Script/RebelAI.RebelAICombatBlueprintFunctionLibrary:BP_IsAttackSelected
49115	ObjectProperty	/Script/RebelAI.RebelAICombatBlueprintFunctionLibrary:BP_IsAttackSelected:AIStub
49116	BoolProperty	/Script/RebelAI.RebelAICombatBlueprintFunctionLibrary:BP_IsAttackSelected:ReturnValue
49117	Function	/Script/RebelAI.RebelAICombatBlueprintFunctionLibrary:BP_EnableGuardAnimation
49118	ObjectProperty	/Script/RebelAI.RebelAICombatBlueprintFunctionLibrary:BP_EnableGuardAnimation:AIStub
49119	BoolProperty	/Script/RebelAI.RebelAICombatBlueprintFunctionLibrary:BP_EnableGuardAnimation:bEnable
49126	Class	/Script/RebelAI.RebelAIConfig
49127	StructProperty	/Script/RebelAI.RebelAIConfig:Tags
49128	BoolProperty	/Script/RebelAI.RebelAIConfig:bCanAttackParry
49129	BoolProperty	/Script/RebelAI.RebelAIConfig:bCanGetTicketWithoutPath
49130	FloatProperty	/Script/RebelAI.RebelAIConfig:AttackParryCoverPercent
49131	BoolProperty	/Script/RebelAI.RebelAIConfig:bCoenAttackAfterBlockTag
49132	BoolProperty	/Script/RebelAI.RebelAIConfig:bCoenAttackAfterParryTag
49133	BoolProperty	/Script/RebelAI.RebelAIConfig:bCoenAttackAfterHitTag
49134	BoolProperty	/Script/RebelAI.RebelAIConfig:bCanBlock
49135	BoolProperty	/Script/RebelAI.RebelAIConfig:bHideIndicatorWhenFarAway
49136	BoolProperty	/Script/RebelAI.RebelAIConfig:bWantsRightPose
49137	BoolProperty	/Script/RebelAI.RebelAIConfig:bLeftPoseEnabled
49138	FloatProperty	/Script/RebelAI.RebelAIConfig:MovementGoalTolerance
49139	BoolProperty	/Script/RebelAI.RebelAIConfig:bShowCombatBar
49140	BoolProperty	/Script/RebelAI.RebelAIConfig:bShowStaminaBar
49141	ObjectProperty	/Script/RebelAI.RebelAIConfig:SoundConfig
49142	BoolProperty	/Script/RebelAI.RebelAIConfig:bIgnoreGuardAreas
49143	FloatProperty	/Script/RebelAI.RebelAIConfig:FallbackCombatGuardAreaRadius
49144	FloatProperty	/Script/RebelAI.RebelAIConfig:PersuadeIntruderToLeaveGuardAreaCombatDistanceModifier
49145	BoolProperty	/Script/RebelAI.RebelAIConfig:bAlwaysKeepStandardTicket
49146	FloatProperty	/Script/RebelAI.RebelAIConfig:BlockTicketWhenAttackedWithoutTicketTime
49147	FloatProperty	/Script/RebelAI.RebelAIConfig:ChanceToPassStandardTicketToHelper
49148	FloatProperty	/Script/RebelAI.RebelAIConfig:HealthThresholdForDecreasedCooldowns
49149	FloatProperty	/Script/RebelAI.RebelAIConfig:MinOrbitWhenWithoutTicket
49150	FloatProperty	/Script/RebelAI.RebelAIConfig:DistanceBetweenOrbitsWhenWithoutTicket
49151	FloatProperty	/Script/RebelAI.RebelAIConfig:MaxAngleToPlayerWhenWithoutTicket
49152	BoolProperty	/Script/RebelAI.RebelAIConfig:bMoveAround
49153	FloatProperty	/Script/RebelAI.RebelAIConfig:FatigueStunDuration
49154	IntProperty	/Script/RebelAI.RebelAIConfig:FatigueStunLevel
49155	FloatProperty	/Script/RebelAI.RebelAIConfig:RandomStunDuration
49156	IntProperty	/Script/RebelAI.RebelAIConfig:RandomStunLevel
49157	BoolProperty	/Script/RebelAI.RebelAIConfig:bEnemyAllowsFinishers
49158	FloatProperty	/Script/RebelAI.RebelAIConfig:BaseStaminaCostForDodge
49159	FloatProperty	/Script/RebelAI.RebelAIConfig:FinishersHPPercentage
49160	FloatProperty	/Script/RebelAI.RebelAIConfig:FinishersDistance
49161	StructProperty	/Script/RebelAI.RebelAIConfig:InterruptibleActions
49162	StructProperty	/Script/RebelAI.RebelAIConfig:TEMP_ActionsAllowedDuringCinematics
49163	MapProperty	/Script/RebelAI.RebelAIConfig:InterruptibleActionsPhaseOverride
49164	NameProperty	InterruptibleActionsPhaseOverride./Script/RebelAI.RebelAIConfig:InterruptibleActionsPhaseOverride_Key
49165	StructProperty	InterruptibleActionsPhaseOverride./Script/RebelAI.RebelAIConfig:InterruptibleActionsPhaseOverride
49166	MapProperty	/Script/RebelAI.RebelAIConfig:InterruptibleActionsPhaseBehaviorOverride
49167	StructProperty	InterruptibleActionsPhaseBehaviorOverride./Script/RebelAI.RebelAIConfig:InterruptibleActionsPhaseBehaviorOverride_Key
49168	StructProperty	InterruptibleActionsPhaseBehaviorOverride./Script/RebelAI.RebelAIConfig:InterruptibleActionsPhaseBehaviorOverride
49169	BoolProperty	/Script/RebelAI.RebelAIConfig:bCanMakeNoise
49170	MapProperty	/Script/RebelAI.RebelAIConfig:RandomPlayrateModifiersPerActionType
49171	StructProperty	RandomPlayrateModifiersPerActionType./Script/RebelAI.RebelAIConfig:RandomPlayrateModifiersPerActionType_Key
49172	StructProperty	RandomPlayrateModifiersPerActionType./Script/RebelAI.RebelAIConfig:RandomPlayrateModifiersPerActionType
49173	FloatProperty	/Script/RebelAI.RebelAIConfig:MinHelperTicketCooldown
49174	FloatProperty	/Script/RebelAI.RebelAIConfig:MaxHelperTicketCooldown
49175	FloatProperty	/Script/RebelAI.RebelAIConfig:MinHelperTicketCooldownWhenHealthIsLow
49176	FloatProperty	/Script/RebelAI.RebelAIConfig:MaxHelperTicketCooldownWhenHealthIsLow
49177	FloatProperty	/Script/RebelAI.RebelAIConfig:MinHelperRangedAttackCooldown
49178	FloatProperty	/Script/RebelAI.RebelAIConfig:MaxHelperRangedAttackCooldown
49179	Function	/Script/RebelAI.RebelAIConfig:GetPlayrateForMontage
49180	ObjectProperty	/Script/RebelAI.RebelAIConfig:GetPlayrateForMontage:WorldContext
49181	ObjectProperty	/Script/RebelAI.RebelAIConfig:GetPlayrateForMontage:Montage
49182	ObjectProperty	/Script/RebelAI.RebelAIConfig:GetPlayrateForMontage:Stub
49183	FloatProperty	/Script/RebelAI.RebelAIConfig:GetPlayrateForMontage:ReturnValue
49184	Function	/Script/RebelAI.RebelAIConfig:GetLowHealthHelperTicketCooldownBasedOnCurrentDifficulty
49185	ObjectProperty	/Script/RebelAI.RebelAIConfig:GetLowHealthHelperTicketCooldownBasedOnCurrentDifficulty:Stub
49186	FloatProperty	/Script/RebelAI.RebelAIConfig:GetLowHealthHelperTicketCooldownBasedOnCurrentDifficulty:ReturnValue
49187	Function	/Script/RebelAI.RebelAIConfig:GetHelperTicketCooldownBasedOnCurrentDifficulty
49188	ObjectProperty	/Script/RebelAI.RebelAIConfig:GetHelperTicketCooldownBasedOnCurrentDifficulty:Stub
49189	FloatProperty	/Script/RebelAI.RebelAIConfig:GetHelperTicketCooldownBasedOnCurrentDifficulty:ReturnValue
49190	Function	/Script/RebelAI.RebelAIConfig:GetHelperRangedAttackCooldownBasedOnCurrentDifficulty
49191	ObjectProperty	/Script/RebelAI.RebelAIConfig:GetHelperRangedAttackCooldownBasedOnCurrentDifficulty:Stub
49192	FloatProperty	/Script/RebelAI.RebelAIConfig:GetHelperRangedAttackCooldownBasedOnCurrentDifficulty:ReturnValue
49193	Function	/Script/RebelAI.RebelAIConfig:GetCooldownBasedOnCurrentDifficulty
49194	ObjectProperty	/Script/RebelAI.RebelAIConfig:GetCooldownBasedOnCurrentDifficulty:WorldContext
49195	FloatProperty	/Script/RebelAI.RebelAIConfig:GetCooldownBasedOnCurrentDifficulty:ReturnValue
49196	Function	/Script/RebelAI.RebelAIConfig:GetBlendTimesBasedOnTags
49197	ObjectProperty	/Script/RebelAI.RebelAIConfig:GetBlendTimesBasedOnTags:NewMontage
49198	ObjectProperty	/Script/RebelAI.RebelAIConfig:GetBlendTimesBasedOnTags:CurrentMontage
49199	ObjectProperty	/Script/RebelAI.RebelAIConfig:GetBlendTimesBasedOnTags:WorldContextObject
49200	FloatProperty	/Script/RebelAI.RebelAIConfig:GetBlendTimesBasedOnTags:ReturnValue
49472	ClassProperty	/Script/RebelAI.RebelAIStateTreeSchema_AIStub:RebelAIStubClass
49478	Class	/Script/RebelAI.RebelAIStub
49479	MulticastInlineDelegateProperty	/Script/RebelAI.RebelAIStub:OnHostileListUpdated
49480	ObjectProperty	/Script/RebelAI.RebelAIStub:AIBoard
49481	StructProperty	/Script/RebelAI.RebelAIStub:Services
49482	ObjectProperty	/Script/RebelAI.RebelAIStub:EquipmentProxy
49483	ObjectProperty	/Script/RebelAI.RebelAIStub:CachedAIDefinition
49484	ObjectProperty	/Script/RebelAI.RebelAIStub:CachedAIReactions
49485	ObjectProperty	/Script/RebelAI.RebelAIStub:OverridenCachedAIReactions
49486	ObjectProperty	/Script/RebelAI.RebelAIStub:AssetTreeQueryContext
49487	ObjectProperty	/Script/RebelAI.RebelAIStub:Test_LogicTree
49488	Function	/Script/RebelAI.RebelAIStub:StowWeapon
49489	BoolProperty	/Script/RebelAI.RebelAIStub:StowWeapon:bPlayAnim
49490	BoolProperty	/Script/RebelAI.RebelAIStub:StowWeapon:ReturnValue
49491	Function	/Script/RebelAI.RebelAIStub:StopBrain
49492	Function	/Script/RebelAI.RebelAIStub:StartBrain
49493	Function	/Script/RebelAI.RebelAIStub:SetPerceptionEnabled
49494	BoolProperty	/Script/RebelAI.RebelAIStub:SetPerceptionEnabled:bEnable
49495	Function	/Script/RebelAI.RebelAIStub:SetFocus
49496	ObjectProperty	/Script/RebelAI.RebelAIStub:SetFocus:Target
49497	Function	/Script/RebelAI.RebelAIStub:SetFaction
49498	StructProperty	/Script/RebelAI.RebelAIStub:SetFaction:Faction
49499	Function	/Script/RebelAI.RebelAIStub:SetAttitudeTowards
49500	ObjectProperty	/Script/RebelAI.RebelAIStub:SetAttitudeTowards:OtherStub
49501	EnumProperty	/Script/RebelAI.RebelAIStub:SetAttitudeTowards:Attitude
49502	BoolProperty	/Script/RebelAI.RebelAIStub:SetAttitudeTowards:bKeep
49503	Function	/Script/RebelAI.RebelAIStub:ResetPerception
49504	BoolProperty	/Script/RebelAI.RebelAIStub:ResetPerception:bStimuliListenerUpdate
49505	Function	/Script/RebelAI.RebelAIStub:RequestDespawn
49506	BoolProperty	/Script/RebelAI.RebelAIStub:RequestDespawn:bRequest
49507	Function	/Script/RebelAI.RebelAIStub:RemoveTag
49508	StructProperty	/Script/RebelAI.RebelAIStub:RemoveTag:Tag
49509	Function	/Script/RebelAI.RebelAIStub:PlayVoiceSetWithCallback
49510	StructProperty	/Script/RebelAI.RebelAIStub:PlayVoiceSetWithCallback:VoiceSetTag
49511	DelegateProperty	/Script/RebelAI.RebelAIStub:PlayVoiceSetWithCallback:Delegate
49512	BoolProperty	/Script/RebelAI.RebelAIStub:PlayVoiceSetWithCallback:LimitByConfig
49513	Function	/Script/RebelAI.RebelAIStub:PlayVoiceSet
49514	StructProperty	/Script/RebelAI.RebelAIStub:PlayVoiceSet:VoiceSetTag
49515	BoolProperty	/Script/RebelAI.RebelAIStub:PlayVoiceSet:LimitByConfig
49516	Function	/Script/RebelAI.RebelAIStub:PerformDynamicActionWithEvent
49517	StructProperty	/Script/RebelAI.RebelAIStub:PerformDynamicActionWithEvent:ActionTags
49518	StructProperty	/Script/RebelAI.RebelAIStub:PerformDynamicActionWithEvent:RelatedEvent
49519	BoolProperty	/Script/RebelAI.RebelAIStub:PerformDynamicActionWithEvent:bOptional
49520	ObjectProperty	/Script/RebelAI.RebelAIStub:PerformDynamicActionWithEvent:ReturnValue
49521	Function	/Script/RebelAI.RebelAIStub:PerformDynamicAction
49522	StructProperty	/Script/RebelAI.RebelAIStub:PerformDynamicAction:ActionTags
49523	ObjectProperty	/Script/RebelAI.RebelAIStub:PerformDynamicAction:ReturnValue
49524	Function	/Script/RebelAI.RebelAIStub:OnTargetPerceptionUpdated
49525	ObjectProperty	/Script/RebelAI.RebelAIStub:OnTargetPerceptionUpdated:Actor
49526	StructProperty	/Script/RebelAI.RebelAIStub:OnTargetPerceptionUpdated:Stimulus
49527	Function	/Script/RebelAI.RebelAIStub:OnTargetPerceptionForgotten
49528	ObjectProperty	/Script/RebelAI.RebelAIStub:OnTargetPerceptionForgotten:Actor
49529	Function	/Script/RebelAI.RebelAIStub:OnCutsceneStart
49530	Function	/Script/RebelAI.RebelAIStub:OnAbilityCommited
49531	ObjectProperty	/Script/RebelAI.RebelAIStub:OnAbilityCommited:Ability
49532	Function	/Script/RebelAI.RebelAIStub:IsTargetable
49533	BoolProperty	/Script/RebelAI.RebelAIStub:IsTargetable:ReturnValue
49534	Function	/Script/RebelAI.RebelAIStub:IsStubVisibleByPlayer
49535	BoolProperty	/Script/RebelAI.RebelAIStub:IsStubVisibleByPlayer:ReturnValue
49536	Function	/Script/RebelAI.RebelAIStub:IsPointInPopulationArea
49537	StructProperty	/Script/RebelAI.RebelAIStub:IsPointInPopulationArea:Point
49538	BoolProperty	/Script/RebelAI.RebelAIStub:IsPointInPopulationArea:ReturnValue
49539	Function	/Script/RebelAI.RebelAIStub:IsPlayer
49540	BoolProperty	/Script/RebelAI.RebelAIStub:IsPlayer:ReturnValue
49541	Function	/Script/RebelAI.RebelAIStub:IsMoving
49542	BoolProperty	/Script/RebelAI.RebelAIStub:IsMoving:ReturnValue
49543	Function	/Script/RebelAI.RebelAIStub:IsInitializedAndHasPawn
49544	BoolProperty	/Script/RebelAI.RebelAIStub:IsInitializedAndHasPawn:ReturnValue
49545	Function	/Script/RebelAI.RebelAIStub:IsInCombat
49546	BoolProperty	/Script/RebelAI.RebelAIStub:IsInCombat:ReturnValue
49547	Function	/Script/RebelAI.RebelAIStub:IsInCinematicMode
49548	BoolProperty	/Script/RebelAI.RebelAIStub:IsInCinematicMode:ReturnValue
49549	Function	/Script/RebelAI.RebelAIStub:IsHostileTowardsPlayer
49550	BoolProperty	/Script/RebelAI.RebelAIStub:IsHostileTowardsPlayer:ReturnValue
49551	Function	/Script/RebelAI.RebelAIStub:IsHostileTowards
49552	ObjectProperty	/Script/RebelAI.RebelAIStub:IsHostileTowards:OtherStub
49553	BoolProperty	/Script/RebelAI.RebelAIStub:IsHostileTowards:ReturnValue
49554	Function	/Script/RebelAI.RebelAIStub:IsFriendlyTowardsPlayer
49555	BoolProperty	/Script/RebelAI.RebelAIStub:IsFriendlyTowardsPlayer:ReturnValue
49556	Function	/Script/RebelAI.RebelAIStub:IsFriendlyTowards
49557	ObjectProperty	/Script/RebelAI.RebelAIStub:IsFriendlyTowards:OtherStub
49558	BoolProperty	/Script/RebelAI.RebelAIStub:IsFriendlyTowards:ReturnValue
49559	Function	/Script/RebelAI.RebelAIStub:IsAtRiskOfPunishment
49560	BoolProperty	/Script/RebelAI.RebelAIStub:IsAtRiskOfPunishment:ReturnValue
49561	Function	/Script/RebelAI.RebelAIStub:HasTag
49562	StructProperty	/Script/RebelAI.RebelAIStub:HasTag:Tag
49563	BoolProperty	/Script/RebelAI.RebelAIStub:HasTag:ReturnValue
49564	Function	/Script/RebelAI.RebelAIStub:HasReactionForSituation
49565	StructProperty	/Script/RebelAI.RebelAIStub:HasReactionForSituation:SituationTag
49566	BoolProperty	/Script/RebelAI.RebelAIStub:HasReactionForSituation:ReturnValue
49567	Function	/Script/RebelAI.RebelAIStub:HasPopulationArea
49568	BoolProperty	/Script/RebelAI.RebelAIStub:HasPopulationArea:ReturnValue
49569	Function	/Script/RebelAI.RebelAIStub:HasPawn
49570	BoolProperty	/Script/RebelAI.RebelAIStub:HasPawn:ReturnValue
49571	Function	/Script/RebelAI.RebelAIStub:GetStubPopulationArea
49572	ObjectProperty	/Script/RebelAI.RebelAIStub:GetStubPopulationArea:ReturnValue
49573	Function	/Script/RebelAI.RebelAIStub:GetRemainingPathLength
49574	FloatProperty	/Script/RebelAI.RebelAIStub:GetRemainingPathLength:ReturnValue
49575	Function	/Script/RebelAI.RebelAIStub:GetReactionsConfig
49576	ObjectProperty	/Script/RebelAI.RebelAIStub:GetReactionsConfig:ReturnValue
49577	Function	/Script/RebelAI.RebelAIStub:GetNumObservers
49578	IntProperty	/Script/RebelAI.RebelAIStub:GetNumObservers:ReturnValue
49579	Function	/Script/RebelAI.RebelAIStub:GetNPCDefinition
49580	ObjectProperty	/Script/RebelAI.RebelAIStub:GetNPCDefinition:ReturnValue
49581	Function	/Script/RebelAI.RebelAIStub:GetFirstMontageFromAssetTreeWithTags
49582	StructProperty	/Script/RebelAI.RebelAIStub:GetFirstMontageFromAssetTreeWithTags:Tags
49583	ObjectProperty	/Script/RebelAI.RebelAIStub:GetFirstMontageFromAssetTreeWithTags:ReturnValue
49584	Function	/Script/RebelAI.RebelAIStub:GetFaction
49585	StructProperty	/Script/RebelAI.RebelAIStub:GetFaction:ReturnValue
49586	Function	/Script/RebelAI.RebelAIStub:GetCharacterMovement
49587	ObjectProperty	/Script/RebelAI.RebelAIStub:GetCharacterMovement:ReturnValue
49588	Function	/Script/RebelAI.RebelAIStub:GetAttitudeTowardsPlayer
49589	EnumProperty	/Script/RebelAI.RebelAIStub:GetAttitudeTowardsPlayer:ReturnValue
49590	Function	/Script/RebelAI.RebelAIStub:GetAttitudeTowards
49591	ObjectProperty	/Script/RebelAI.RebelAIStub:GetAttitudeTowards:OtherStub
49592	EnumProperty	/Script/RebelAI.RebelAIStub:GetAttitudeTowards:ReturnValue
49593	Function	/Script/RebelAI.RebelAIStub:GetAIDefinition
49594	ObjectProperty	/Script/RebelAI.RebelAIStub:GetAIDefinition:ReturnValue
49595	Function	/Script/RebelAI.RebelAIStub:GetAIBoard
49596	ObjectProperty	/Script/RebelAI.RebelAIStub:GetAIBoard:ReturnValue
49597	Function	/Script/RebelAI.RebelAIStub:GetActor
49598	ObjectProperty	/Script/RebelAI.RebelAIStub:GetActor:ReturnValue
49599	Function	/Script/RebelAI.RebelAIStub:GetAbilitySystemComponent
49600	ObjectProperty	/Script/RebelAI.RebelAIStub:GetAbilitySystemComponent:ReturnValue
49601	Function	/Script/RebelAI.RebelAIStub:ForceDespawnPawn
49602	Function	/Script/RebelAI.RebelAIStub:EquipWeapon
49603	BoolProperty	/Script/RebelAI.RebelAIStub:EquipWeapon:bPlayAnim
49604	BoolProperty	/Script/RebelAI.RebelAIStub:EquipWeapon:ReturnValue
49605	Function	/Script/RebelAI.RebelAIStub:CheckSavedPathToStub
49606	ObjectProperty	/Script/RebelAI.RebelAIStub:CheckSavedPathToStub:Stub
49607	BoolProperty	/Script/RebelAI.RebelAIStub:CheckSavedPathToStub:ReturnValue
49608	Function	/Script/RebelAI.RebelAIStub:BP_SetCharacterState
49609	StructProperty	/Script/RebelAI.RebelAIStub:BP_SetCharacterState:State
49610	Function	/Script/RebelAI.RebelAIStub:BP_PerformAction
49611	StructProperty	/Script/RebelAI.RebelAIStub:BP_PerformAction:ActionDesc
49612	ObjectProperty	/Script/RebelAI.RebelAIStub:BP_PerformAction:ReturnValue
49613	Function	/Script/RebelAI.RebelAIStub:BP_GetEquipmentProxy
49614	ObjectProperty	/Script/RebelAI.RebelAIStub:BP_GetEquipmentProxy:ReturnValue
49615	Function	/Script/RebelAI.RebelAIStub:BP_CharacterStateExist
49616	StructProperty	/Script/RebelAI.RebelAIStub:BP_CharacterStateExist:State
49617	BoolProperty	/Script/RebelAI.RebelAIStub:BP_CharacterStateExist:ReturnValue
49618	Function	/Script/RebelAI.RebelAIStub:AddTag
49619	StructProperty	/Script/RebelAI.RebelAIStub:AddTag:Tag
49643	Class	/Script/RebelAI.RebelAIStubEquipmentProxy
49644	Function	/Script/RebelAI.RebelAIStubEquipmentProxy:InitializeLogic
49645	Function	/Script/RebelAI.RebelAIStubEquipmentProxy:GetAIStub
49646	ObjectProperty	/Script/RebelAI.RebelAIStubEquipmentProxy:GetAIStub:ReturnValue
49647	Function	/Script/RebelAI.RebelAIStubEquipmentProxy:DeinitializeLogic
49648	Function	/Script/RebelAI.RebelAIStubEquipmentProxy:BP_UnequipWeapon
49649	StructProperty	/Script/RebelAI.RebelAIStubEquipmentProxy:BP_UnequipWeapon:CharacterSlot
49650	Function	/Script/RebelAI.RebelAIStubEquipmentProxy:BP_UnequipAllWeapons
49651	Function	/Script/RebelAI.RebelAIStubEquipmentProxy:BP_GetWeaponClass
49652	StructProperty	/Script/RebelAI.RebelAIStubEquipmentProxy:BP_GetWeaponClass:ItemSource
49653	StructProperty	/Script/RebelAI.RebelAIStubEquipmentProxy:BP_GetWeaponClass:Slot
49654	ClassProperty	/Script/RebelAI.RebelAIStubEquipmentProxy:BP_GetWeaponClass:ReturnValue
49655	Function	/Script/RebelAI.RebelAIStubEquipmentProxy:BP_GetItemSourceSlotsArray
49656	StructProperty	/Script/RebelAI.RebelAIStubEquipmentProxy:BP_GetItemSourceSlotsArray:ItemSource
49657	ArrayProperty	/Script/RebelAI.RebelAIStubEquipmentProxy:BP_GetItemSourceSlotsArray:Result
49658	StructProperty	Result./Script/RebelAI.RebelAIStubEquipmentProxy:BP_GetItemSourceSlotsArray:Result
49659	Function	/Script/RebelAI.RebelAIStubEquipmentProxy:BP_GetInventoryWeaponClass
49660	StructProperty	/Script/RebelAI.RebelAIStubEquipmentProxy:BP_GetInventoryWeaponClass:InventorySlot
49661	ClassProperty	/Script/RebelAI.RebelAIStubEquipmentProxy:BP_GetInventoryWeaponClass:ReturnValue
49662	Function	/Script/RebelAI.RebelAIStubEquipmentProxy:BP_EquipWeaponClassInAllSlots
49663	ClassProperty	/Script/RebelAI.RebelAIStubEquipmentProxy:BP_EquipWeaponClassInAllSlots:WeaponClass
49664	Function	/Script/RebelAI.RebelAIStubEquipmentProxy:BP_EquipWeaponClass
49665	StructProperty	/Script/RebelAI.RebelAIStubEquipmentProxy:BP_EquipWeaponClass:CharacterSlot
49666	ClassProperty	/Script/RebelAI.RebelAIStubEquipmentProxy:BP_EquipWeaponClass:WeaponClass
49667	Function	/Script/RebelAI.RebelAIStubEquipmentProxy:BP_EquipInventoryWeapon
49668	StructProperty	/Script/RebelAI.RebelAIStubEquipmentProxy:BP_EquipInventoryWeapon:CharacterSlot
49669	StructProperty	/Script/RebelAI.RebelAIStubEquipmentProxy:BP_EquipInventoryWeapon:InventorySlot
49670	Class	/Script/RebelAI.RebelAIStubReactionsConfig
49671	ArrayProperty	/Script/RebelAI.RebelAIStubReactionsConfig:Reactions
49672	StructProperty	Reactions./Script/RebelAI.RebelAIStubReactionsConfig:Reactions
49673	ArrayProperty	/Script/RebelAI.RebelAIStubReactionsConfig:CustomReactions
49674	StructProperty	CustomReactions./Script/RebelAI.RebelAIStubReactionsConfig:CustomReactions
49675	Class	/Script/RebelAI.RebelAISubsystem
49676	DoubleProperty	/Script/RebelAI.RebelAISubsystem:LastTimePlayerKilledCivilian
49677	ArrayProperty	/Script/RebelAI.RebelAISubsystem:StubsToForceCombat
49678	ObjectProperty	StubsToForceCombat./Script/RebelAI.RebelAISubsystem:StubsToForceCombat
49679	MapProperty	/Script/RebelAI.RebelAISubsystem:RegisteredAreas
49680	NameProperty	RegisteredAreas./Script/RebelAI.RebelAISubsystem:RegisteredAreas_Key
49681	ObjectProperty	RegisteredAreas./Script/RebelAI.RebelAISubsystem:RegisteredAreas
49682	ArrayProperty	/Script/RebelAI.RebelAISubsystem:Controllers
49683	ObjectProperty	Controllers./Script/RebelAI.RebelAISubsystem:Controllers
49684	ObjectProperty	/Script/RebelAI.RebelAISubsystem:GameEventProcessor
49685	Function	/Script/RebelAI.RebelAISubsystem:UnsubscribeEventById
49686	IntProperty	/Script/RebelAI.RebelAISubsystem:UnsubscribeEventById:ID
49687	Function	/Script/RebelAI.RebelAISubsystem:SubscribeToStubEvent
49688	ObjectProperty	/Script/RebelAI.RebelAISubsystem:SubscribeToStubEvent:AIStub
49689	StructProperty	/Script/RebelAI.RebelAISubsystem:SubscribeToStubEvent:EventTag
49690	DelegateProperty	/Script/RebelAI.RebelAISubsystem:SubscribeToStubEvent:Delegate
49691	IntProperty	/Script/RebelAI.RebelAISubsystem:SubscribeToStubEvent:ReturnValue
49692	Function	/Script/RebelAI.RebelAISubsystem:ResetAggressionBetweenStubs
49693	ObjectProperty	/Script/RebelAI.RebelAISubsystem:ResetAggressionBetweenStubs:AIStubA
49694	ObjectProperty	/Script/RebelAI.RebelAISubsystem:ResetAggressionBetweenStubs:AIStubB
49695	Function	/Script/RebelAI.RebelAISubsystem:ReportGameEvent
49696	StructProperty	/Script/RebelAI.RebelAISubsystem:ReportGameEvent:Event
49697	Function	/Script/RebelAI.RebelAISubsystem:ReportEventToStub
49698	ObjectProperty	/Script/RebelAI.RebelAISubsystem:ReportEventToStub:AIStub
49699	StructProperty	/Script/RebelAI.RebelAISubsystem:ReportEventToStub:Event
49700	Function	/Script/RebelAI.RebelAISubsystem:ReportEventToAllStubsInRangeWithSkip
49701	StructProperty	/Script/RebelAI.RebelAISubsystem:ReportEventToAllStubsInRangeWithSkip:Location
49702	FloatProperty	/Script/RebelAI.RebelAISubsystem:ReportEventToAllStubsInRangeWithSkip:Range
49703	StructProperty	/Script/RebelAI.RebelAISubsystem:ReportEventToAllStubsInRangeWithSkip:Event
49704	ArrayProperty	/Script/RebelAI.RebelAISubsystem:ReportEventToAllStubsInRangeWithSkip:SkipStubs
49705	ObjectProperty	SkipStubs./Script/RebelAI.RebelAISubsystem:ReportEventToAllStubsInRangeWithSkip:SkipStubs
49706	Function	/Script/RebelAI.RebelAISubsystem:ReportEventToAllStubsInRange
49707	StructProperty	/Script/RebelAI.RebelAISubsystem:ReportEventToAllStubsInRange:Location
49708	FloatProperty	/Script/RebelAI.RebelAISubsystem:ReportEventToAllStubsInRange:Range
49709	StructProperty	/Script/RebelAI.RebelAISubsystem:ReportEventToAllStubsInRange:Event
49710	Function	/Script/RebelAI.RebelAISubsystem:ReportEvent
49711	StructProperty	/Script/RebelAI.RebelAISubsystem:ReportEvent:Event
49712	Function	/Script/RebelAI.RebelAISubsystem:RemovePlayerInvulnerability
49713	ObjectProperty	/Script/RebelAI.RebelAISubsystem:RemovePlayerInvulnerability:Source
49714	Function	/Script/RebelAI.RebelAISubsystem:RemoveCombatAgainstPlayerBlocker
49715	ObjectProperty	/Script/RebelAI.RebelAISubsystem:RemoveCombatAgainstPlayerBlocker:Blocker
49716	Function	/Script/RebelAI.RebelAISubsystem:ProcessPerception_SensingObject
49717	ObjectProperty	/Script/RebelAI.RebelAISubsystem:ProcessPerception_SensingObject:Observer
49718	ObjectProperty	/Script/RebelAI.RebelAISubsystem:ProcessPerception_SensingObject:Object
49719	BoolProperty	/Script/RebelAI.RebelAISubsystem:ProcessPerception_SensingObject:Sensed
49720	Function	/Script/RebelAI.RebelAISubsystem:OnPostGarbageCollect
49721	Function	/Script/RebelAI.RebelAISubsystem:IsPlayer
49722	ObjectProperty	/Script/RebelAI.RebelAISubsystem:IsPlayer:AIStub
49723	BoolProperty	/Script/RebelAI.RebelAISubsystem:IsPlayer:ReturnValue
49724	Function	/Script/RebelAI.RebelAISubsystem:IsEnabled
49725	BoolProperty	/Script/RebelAI.RebelAISubsystem:IsEnabled:ReturnValue
49726	Function	/Script/RebelAI.RebelAISubsystem:GetTicketsController
49727	ObjectProperty	/Script/RebelAI.RebelAISubsystem:GetTicketsController:ReturnValue
49728	Function	/Script/RebelAI.RebelAISubsystem:GetTestController
49729	ObjectProperty	/Script/RebelAI.RebelAISubsystem:GetTestController:ReturnValue
49730	Function	/Script/RebelAI.RebelAISubsystem:GetStubsInRange
49731	StructProperty	/Script/RebelAI.RebelAISubsystem:GetStubsInRange:Location
49732	FloatProperty	/Script/RebelAI.RebelAISubsystem:GetStubsInRange:Range
49733	ArrayProperty	/Script/RebelAI.RebelAISubsystem:GetStubsInRange:Stubs
49734	ObjectProperty	Stubs./Script/RebelAI.RebelAISubsystem:GetStubsInRange:Stubs
49735	Function	/Script/RebelAI.RebelAISubsystem:GetReactionsController
49736	ObjectProperty	/Script/RebelAI.RebelAISubsystem:GetReactionsController:ReturnValue
49737	Function	/Script/RebelAI.RebelAISubsystem:GetFactionStubsInRange
49738	StructProperty	/Script/RebelAI.RebelAISubsystem:GetFactionStubsInRange:Location
49739	StructProperty	/Script/RebelAI.RebelAISubsystem:GetFactionStubsInRange:Faction
49740	FloatProperty	/Script/RebelAI.RebelAISubsystem:GetFactionStubsInRange:Range
49741	ArrayProperty	/Script/RebelAI.RebelAISubsystem:GetFactionStubsInRange:Stubs
49742	ObjectProperty	Stubs./Script/RebelAI.RebelAISubsystem:GetFactionStubsInRange:Stubs
49743	BoolProperty	/Script/RebelAI.RebelAISubsystem:GetFactionStubsInRange:bSortByDistance
49744	Function	/Script/RebelAI.RebelAISubsystem:GetFactionsController
49745	ObjectProperty	/Script/RebelAI.RebelAISubsystem:GetFactionsController:ReturnValue
49746	Function	/Script/RebelAI.RebelAISubsystem:GetEnemyStubsInRange
49747	ObjectProperty	/Script/RebelAI.RebelAISubsystem:GetEnemyStubsInRange:AIStub
49748	FloatProperty	/Script/RebelAI.RebelAISubsystem:GetEnemyStubsInRange:Range
49749	ArrayProperty	/Script/RebelAI.RebelAISubsystem:GetEnemyStubsInRange:Stubs
49750	ObjectProperty	Stubs./Script/RebelAI.RebelAISubsystem:GetEnemyStubsInRange:Stubs
49751	Function	/Script/RebelAI.RebelAISubsystem:GetCounterController
49752	ObjectProperty	/Script/RebelAI.RebelAISubsystem:GetCounterController:ReturnValue
49753	Function	/Script/RebelAI.RebelAISubsystem:GetCooldownController
49754	ObjectProperty	/Script/RebelAI.RebelAISubsystem:GetCooldownController:ReturnValue
49755	Function	/Script/RebelAI.RebelAISubsystem:GetCombatController
49756	ObjectProperty	/Script/RebelAI.RebelAISubsystem:GetCombatController:ReturnValue
49757	Function	/Script/RebelAI.RebelAISubsystem:GetCombatantsInRange
49758	StructProperty	/Script/RebelAI.RebelAISubsystem:GetCombatantsInRange:Location
49759	FloatProperty	/Script/RebelAI.RebelAISubsystem:GetCombatantsInRange:Range
49760	ArrayProperty	/Script/RebelAI.RebelAISubsystem:GetCombatantsInRange:Stubs
49761	ObjectProperty	Stubs./Script/RebelAI.RebelAISubsystem:GetCombatantsInRange:Stubs
49762	Function	/Script/RebelAI.RebelAISubsystem:GetAIStubFromActor
49763	ObjectProperty	/Script/RebelAI.RebelAISubsystem:GetAIStubFromActor:Actor
49764	ObjectProperty	/Script/RebelAI.RebelAISubsystem:GetAIStubFromActor:ReturnValue
49765	Function	/Script/RebelAI.RebelAISubsystem:GetAggressionController
49766	ObjectProperty	/Script/RebelAI.RebelAISubsystem:GetAggressionController:ReturnValue
49767	Function	/Script/RebelAI.RebelAISubsystem:ForceAggressionTowardsTargetForAllCombatantsInRange
49768	ObjectProperty	/Script/RebelAI.RebelAISubsystem:ForceAggressionTowardsTargetForAllCombatantsInRange:Target
49769	FloatProperty	/Script/RebelAI.RebelAISubsystem:ForceAggressionTowardsTargetForAllCombatantsInRange:Range
49770	Function	/Script/RebelAI.RebelAISubsystem:ForceAggressionTowardsTarget
49771	ObjectProperty	/Script/RebelAI.RebelAISubsystem:ForceAggressionTowardsTarget:AIStub
49772	ObjectProperty	/Script/RebelAI.RebelAISubsystem:ForceAggressionTowardsTarget:Target
49773	FloatProperty	/Script/RebelAI.RebelAISubsystem:ForceAggressionTowardsTarget:ForceTargetDuration
49774	Function	/Script/RebelAI.RebelAISubsystem:FindStubWithTag
49775	StructProperty	/Script/RebelAI.RebelAISubsystem:FindStubWithTag:Tag
49776	ObjectProperty	/Script/RebelAI.RebelAISubsystem:FindStubWithTag:ReturnValue
49777	Function	/Script/RebelAI.RebelAISubsystem:FindStubsWithTag
49778	ArrayProperty	/Script/RebelAI.RebelAISubsystem:FindStubsWithTag:Array
49779	ObjectProperty	Array./Script/RebelAI.RebelAISubsystem:FindStubsWithTag:Array
49780	StructProperty	/Script/RebelAI.RebelAISubsystem:FindStubsWithTag:Tag
49781	Function	/Script/RebelAI.RebelAISubsystem:FindStubByController
49782	ObjectProperty	/Script/RebelAI.RebelAISubsystem:FindStubByController:Controller
49783	ObjectProperty	/Script/RebelAI.RebelAISubsystem:FindStubByController:ReturnValue
49784	Function	/Script/RebelAI.RebelAISubsystem:FindStubByActor
49785	ObjectProperty	/Script/RebelAI.RebelAISubsystem:FindStubByActor:Actor
49786	ObjectProperty	/Script/RebelAI.RebelAISubsystem:FindStubByActor:ReturnValue
49787	Function	/Script/RebelAI.RebelAISubsystem:FindPlayerStub
49788	ObjectProperty	/Script/RebelAI.RebelAISubsystem:FindPlayerStub:ReturnValue
49789	Function	/Script/RebelAI.RebelAISubsystem:FindNearestStubWithTag
49790	StructProperty	/Script/RebelAI.RebelAISubsystem:FindNearestStubWithTag:Origin
49791	StructProperty	/Script/RebelAI.RebelAISubsystem:FindNearestStubWithTag:Tag
49792	ObjectProperty	/Script/RebelAI.RebelAISubsystem:FindNearestStubWithTag:ReturnValue
49793	Function	/Script/RebelAI.RebelAISubsystem:DoesPathBetweenStubsExist
49794	ObjectProperty	/Script/RebelAI.RebelAISubsystem:DoesPathBetweenStubsExist:AIStubA
49795	ObjectProperty	/Script/RebelAI.RebelAISubsystem:DoesPathBetweenStubsExist:AIStubB
49796	DoubleProperty	/Script/RebelAI.RebelAISubsystem:DoesPathBetweenStubsExist:MaxPathLength
49797	BoolProperty	/Script/RebelAI.RebelAISubsystem:DoesPathBetweenStubsExist:bAllowNavLinks
49798	BoolProperty	/Script/RebelAI.RebelAISubsystem:DoesPathBetweenStubsExist:ReturnValue
49799	Function	/Script/RebelAI.RebelAISubsystem:BP_IsNewAIEnabledForPawn
49800	ObjectProperty	/Script/RebelAI.RebelAISubsystem:BP_IsNewAIEnabledForPawn:Pawn
49801	BoolProperty	/Script/RebelAI.RebelAISubsystem:BP_IsNewAIEnabledForPawn:ReturnValue
49802	Function	/Script/RebelAI.RebelAISubsystem:AddPlayerInvulnerability
49803	ObjectProperty	/Script/RebelAI.RebelAISubsystem:AddPlayerInvulnerability:Source
49804	Function	/Script/RebelAI.RebelAISubsystem:AddCombatAgainstPlayerBlocker
49805	ObjectProperty	/Script/RebelAI.RebelAISubsystem:AddCombatAgainstPlayerBlocker:Blocker
56005	Class	/Script/DogwoodCombat.CombatComponentBase
56006	ArrayProperty	/Script/DogwoodCombat.CombatComponentBase:ComponentActiveGameplayEffects
56007	ClassProperty	ComponentActiveGameplayEffects./Script/DogwoodCombat.CombatComponentBase:ComponentActiveGameplayEffects
56008	ClassProperty	/Script/DogwoodCombat.CombatComponentBase:AttackTargetFilterClass
56009	NameProperty	/Script/DogwoodCombat.CombatComponentBase:WarpTargetAttack
56010	NameProperty	/Script/DogwoodCombat.CombatComponentBase:LeftFootBoneName
56011	NameProperty	/Script/DogwoodCombat.CombatComponentBase:RightFootBoneName
56012	NameProperty	/Script/DogwoodCombat.CombatComponentBase:TurnInPlaceWeightCurve
56013	NameProperty	/Script/DogwoodCombat.CombatComponentBase:PelvisBoneName
56014	ByteProperty	/Script/DogwoodCombat.CombatComponentBase:PelvisForwardAxis
56015	FloatProperty	/Script/DogwoodCombat.CombatComponentBase:LeftPosePelvisForwardDotRightMax
56016	StructProperty	/Script/DogwoodCombat.CombatComponentBase:TargetingPauseBlendOutSettings
56017	MulticastInlineDelegateProperty	/Script/DogwoodCombat.CombatComponentBase:OnOpponentStunned
56018	MulticastInlineDelegateProperty	/Script/DogwoodCombat.CombatComponentBase:OnStateChanged
56019	MulticastInlineDelegateProperty	/Script/DogwoodCombat.CombatComponentBase:OnAttackWarning
56020	MulticastInlineDelegateProperty	/Script/DogwoodCombat.CombatComponentBase:OnAttackImpact
56021	MulticastInlineDelegateProperty	/Script/DogwoodCombat.CombatComponentBase:OnStunAttackReceived
56022	MulticastInlineDelegateProperty	/Script/DogwoodCombat.CombatComponentBase:OnTicketStateChanged
56023	MulticastInlineDelegateProperty	/Script/DogwoodCombat.CombatComponentBase:OnAnimationsChanged
56024	MulticastInlineDelegateProperty	/Script/DogwoodCombat.CombatComponentBase:NotifyKilledDuringMontage
56025	MulticastInlineDelegateProperty	/Script/DogwoodCombat.CombatComponentBase:NotifyDamageReflected
56026	MulticastInlineDelegateProperty	/Script/DogwoodCombat.CombatComponentBase:OnTargetedStateChanged
56027	MulticastInlineDelegateProperty	/Script/DogwoodCombat.CombatComponentBase:OnTargetedByFocusStateChanged
56028	MulticastInlineDelegateProperty	/Script/DogwoodCombat.CombatComponentBase:OnUpperBodyFreezeUpdated
56029	MulticastInlineDelegateProperty	/Script/DogwoodCombat.CombatComponentBase:OnBlockingDirectionChanged
56030	MulticastInlineDelegateProperty	/Script/DogwoodCombat.CombatComponentBase:OnFatiguedStateChanged
56031	MulticastInlineDelegateProperty	/Script/DogwoodCombat.CombatComponentBase:OnForcedFistFightChanged
56032	MulticastInlineDelegateProperty	/Script/DogwoodCombat.CombatComponentBase:OnAttackStarted
56033	MulticastInlineDelegateProperty	/Script/DogwoodCombat.CombatComponentBase:OnAttackEnded
56034	ObjectProperty	/Script/DogwoodCombat.CombatComponentBase:ParentAbilitySystemComponent
56035	ObjectProperty	/Script/DogwoodCombat.CombatComponentBase:ParentCapsuleComponent
56036	ObjectProperty	/Script/DogwoodCombat.CombatComponentBase:BlockAction
56037	ObjectProperty	/Script/DogwoodCombat.CombatComponentBase:ParryAction
56038	StructProperty	/Script/DogwoodCombat.CombatComponentBase:AttackWarningRange
56039	FloatProperty	/Script/DogwoodCombat.CombatComponentBase:TicketsTickInterval
56040	StructProperty	/Script/DogwoodCombat.CombatComponentBase:AdditiveCharacterRotation
56041	NameProperty	/Script/DogwoodCombat.CombatComponentBase:OnAttackHitEffectName
56042	ObjectProperty	/Script/DogwoodCombat.CombatComponentBase:OnAttackHitEffect
56043	WeakObjectProperty	/Script/DogwoodCombat.CombatComponentBase:LastBlockedEnemy
56044	MapProperty	/Script/DogwoodCombat.CombatComponentBase:CombatAnimationConfigs
56045	EnumProperty	CombatAnimationConfigs./Script/DogwoodCombat.CombatComponentBase:CombatAnimationConfigs_Key
56046	ObjectProperty	CombatAnimationConfigs./Script/DogwoodCombat.CombatComponentBase:CombatAnimationConfigs
56047	SoftObjectProperty	/Script/DogwoodCombat.CombatComponentBase:CustomBlendTimesMatrix
56048	ObjectProperty	/Script/DogwoodCombat.CombatComponentBase:CurrentAttacker
56049	ObjectProperty	/Script/DogwoodCombat.CombatComponentBase:CurrentAttackTarget
56050	ArrayProperty	/Script/DogwoodCombat.CombatComponentBase:IncomingAttackQueue
56051	WeakObjectProperty	IncomingAttackQueue./Script/DogwoodCombat.CombatComponentBase:IncomingAttackQueue
56052	ArrayProperty	/Script/DogwoodCombat.CombatComponentBase:AttackedEnemiesForTicketsDistribution
56053	WeakObjectProperty	AttackedEnemiesForTicketsDistribution./Script/DogwoodCombat.CombatComponentBase:AttackedEnemiesForTicketsDistribution
56054	EnumProperty	/Script/DogwoodCombat.CombatComponentBase:BlockingDirection
56055	WeakObjectProperty	/Script/DogwoodCombat.CombatComponentBase:OwnerController
56056	WeakObjectProperty	/Script/DogwoodCombat.CombatComponentBase:OwnerCharacter
56057	WeakObjectProperty	/Script/DogwoodCombat.CombatComponentBase:OwnerInventory
56058	WeakObjectProperty	/Script/DogwoodCombat.CombatComponentBase:OwnerEventBus
56059	WeakObjectProperty	/Script/DogwoodCombat.CombatComponentBase:MotionWarping
56060	ObjectProperty	/Script/DogwoodCombat.CombatComponentBase:Config
56061	StructProperty	/Script/DogwoodCombat.CombatComponentBase:CurrentAttack
56062	StructProperty	/Script/DogwoodCombat.CombatComponentBase:OpponentResponse
56063	StructProperty	/Script/DogwoodCombat.CombatComponentBase:PerformedAttack
56064	EnumProperty	/Script/DogwoodCombat.CombatComponentBase:CurrentState
56065	FloatProperty	/Script/DogwoodCombat.CombatComponentBase:DefenseAngleDot
56066	WeakObjectProperty	/Script/DogwoodCombat.CombatComponentBase:LastPlayedReactionMontage
56067	WeakObjectProperty	/Script/DogwoodCombat.CombatComponentBase:LastPlayedActionMontage
56068	WeakObjectProperty	/Script/DogwoodCombat.CombatComponentBase:LastPlayedReturnMontage
56069	WeakObjectProperty	/Script/DogwoodCombat.CombatComponentBase:CustomRecoveryStunMontageToPlay
56070	WeakObjectProperty	/Script/DogwoodCombat.CombatComponentBase:CombatSubsystem
56071	MapProperty	/Script/DogwoodCombat.CombatComponentBase:BlockingDirectionChangeTimes
56072	EnumProperty	BlockingDirectionChangeTimes./Script/DogwoodCombat.CombatComponentBase:BlockingDirectionChangeTimes_Key
56073	FloatProperty	BlockingDirectionChangeTimes./Script/DogwoodCombat.CombatComponentBase:BlockingDirectionChangeTimes
56074	ObjectProperty	/Script/DogwoodCombat.CombatComponentBase:CachedAnimInstance
56075	ArrayProperty	/Script/DogwoodCombat.CombatComponentBase:MeshesHidden
56076	WeakObjectProperty	MeshesHidden./Script/DogwoodCombat.CombatComponentBase:MeshesHidden
56077	StructProperty	/Script/DogwoodCombat.CombatComponentBase:SlidingConfigDefault
56078	MapProperty	/Script/DogwoodCombat.CombatComponentBase:SpawnedWeapons
56079	EnumProperty	SpawnedWeapons./Script/DogwoodCombat.CombatComponentBase:SpawnedWeapons_Key
56080	ObjectProperty	SpawnedWeapons./Script/DogwoodCombat.CombatComponentBase:SpawnedWeapons
56081	InterfaceProperty	/Script/DogwoodCombat.CombatComponentBase:SheathedWeaponHolder
56082	ClassProperty	/Script/DogwoodCombat.CombatComponentBase:EquippedWeapon
56083	ObjectProperty	/Script/DogwoodCombat.CombatComponentBase:EquippedWeaponMesh
56084	ObjectProperty	/Script/DogwoodCombat.CombatComponentBase:EquippedWeaponOffhandMesh
56085	ObjectProperty	/Script/DogwoodCombat.CombatComponentBase:EquippedScabbardMesh
56086	ClassProperty	/Script/DogwoodCombat.CombatComponentBase:EquippedWeaponOffHand
56087	MulticastInlineDelegateProperty	/Script/DogwoodCombat.CombatComponentBase:OnHitReceived
56088	MapProperty	/Script/DogwoodCombat.CombatComponentBase:Hitboxes
56089	IntProperty	Hitboxes./Script/DogwoodCombat.CombatComponentBase:Hitboxes_Key
56090	ObjectProperty	Hitboxes./Script/DogwoodCombat.CombatComponentBase:Hitboxes
56091	ObjectProperty	/Script/DogwoodCombat.CombatComponentBase:AIStub
56092	Function	/Script/DogwoodCombat.CombatComponentBase:WantsToBlock
56093	BoolProperty	/Script/DogwoodCombat.CombatComponentBase:WantsToBlock:ReturnValue
56094	Function	/Script/DogwoodCombat.CombatComponentBase:UnlockStamina
56095	Function	/Script/DogwoodCombat.CombatComponentBase:UnlockHealth
56096	Function	/Script/DogwoodCombat.CombatComponentBase:UnblockCombat
56097	Function	/Script/DogwoodCombat.CombatComponentBase:TryActivateDodgeAbility
56098	BoolProperty	/Script/DogwoodCombat.CombatComponentBase:TryActivateDodgeAbility:ReturnValue
56099	Function	/Script/DogwoodCombat.CombatComponentBase:SpawnHandToHandWeapons
56100	BoolProperty	/Script/DogwoodCombat.CombatComponentBase:SpawnHandToHandWeapons:ReturnValue
56101	Function	/Script/DogwoodCombat.CombatComponentBase:SpawnEquippedWeapon
56102	BoolProperty	/Script/DogwoodCombat.CombatComponentBase:SpawnEquippedWeapon:bUpdateCombatModeGameplayTag
56103	BoolProperty	/Script/DogwoodCombat.CombatComponentBase:SpawnEquippedWeapon:ReturnValue
56104	Function	/Script/DogwoodCombat.CombatComponentBase:SetStaminaPercent
56105	FloatProperty	/Script/DogwoodCombat.CombatComponentBase:SetStaminaPercent:InPercent
56106	Function	/Script/DogwoodCombat.CombatComponentBase:SetRootMotionScalingEnabled
56107	BoolProperty	/Script/DogwoodCombat.CombatComponentBase:SetRootMotionScalingEnabled:bEnabled
56108	Function	/Script/DogwoodCombat.CombatComponentBase:SetOverrideAnimRootMotion
56109	BoolProperty	/Script/DogwoodCombat.CombatComponentBase:SetOverrideAnimRootMotion:bInOverride
56110	BoolProperty	/Script/DogwoodCombat.CombatComponentBase:SetOverrideAnimRootMotion:bInAllowEarlyBlendOut
56111	FloatProperty	/Script/DogwoodCombat.CombatComponentBase:SetOverrideAnimRootMotion:InEarlyBlendOutTime
56112	NameProperty	/Script/DogwoodCombat.CombatComponentBase:SetOverrideAnimRootMotion:InForwardMovementCurveName
56113	NameProperty	/Script/DogwoodCombat.CombatComponentBase:SetOverrideAnimRootMotion:InRightMovementCurveName
56114	NameProperty	/Script/DogwoodCombat.CombatComponentBase:SetOverrideAnimRootMotion:InMovementAlphaCurveName
56115	Function	/Script/DogwoodCombat.CombatComponentBase:SetHealthPercent
56116	FloatProperty	/Script/DogwoodCombat.CombatComponentBase:SetHealthPercent:InPercent
56117	Function	/Script/DogwoodCombat.CombatComponentBase:SetForcedFistfight
56118	BoolProperty	/Script/DogwoodCombat.CombatComponentBase:SetForcedFistfight:bEnabled
56119	Function	/Script/DogwoodCombat.CombatComponentBase:SetDesiredBlockState
56120	BoolProperty	/Script/DogwoodCombat.CombatComponentBase:SetDesiredBlockState:bWantsToBlock
56121	Function	/Script/DogwoodCombat.CombatComponentBase:SetAnimationConfig
56122	MapProperty	/Script/DogwoodCombat.CombatComponentBase:SetAnimationConfig:Map
56123	EnumProperty	Map./Script/DogwoodCombat.CombatComponentBase:SetAnimationConfig:Map_Key
56124	ClassProperty	Map./Script/DogwoodCombat.CombatComponentBase:SetAnimationConfig:Map
56125	Function	/Script/DogwoodCombat.CombatComponentBase:SetAdditionalRootMotionSpeed
56126	BoolProperty	/Script/DogwoodCombat.CombatComponentBase:SetAdditionalRootMotionSpeed:bInAddAdditionalRootMotionSpeed
56127	FloatProperty	/Script/DogwoodCombat.CombatComponentBase:SetAdditionalRootMotionSpeed:InAdditionalRootMotionSpeed
56128	FloatProperty	/Script/DogwoodCombat.CombatComponentBase:SetAdditionalRootMotionSpeed:InDesiredRootMotionDistance
56129	Function	/Script/DogwoodCombat.CombatComponentBase:SetAdditionalDistanceEnabled
56130	BoolProperty	/Script/DogwoodCombat.CombatComponentBase:SetAdditionalDistanceEnabled:bValue
56131	Function	/Script/DogwoodCombat.CombatComponentBase:ReplaceDodgeAnimation
56132	StructProperty	/Script/DogwoodCombat.CombatComponentBase:ReplaceDodgeAnimation:QueryTags
56133	Function	/Script/DogwoodCombat.CombatComponentBase:RemoveAllWeapons
56134	BoolProperty	/Script/DogwoodCombat.CombatComponentBase:RemoveAllWeapons:bShouldUpdateAnimLayers
56135	Function	/Script/DogwoodCombat.CombatComponentBase:ReactToHit
56136	StructProperty	/Script/DogwoodCombat.CombatComponentBase:ReactToHit:InAnimData
56137	StructProperty	/Script/DogwoodCombat.CombatComponentBase:ReactToHit:InAttackData
56138	StructProperty	/Script/DogwoodCombat.CombatComponentBase:ReactToHit:Response
56139	Function	/Script/DogwoodCombat.CombatComponentBase:ReactToCustomStun
56140	ObjectProperty	/Script/DogwoodCombat.CombatComponentBase:ReactToCustomStun:StunLoopMontage
56141	ObjectProperty	/Script/DogwoodCombat.CombatComponentBase:ReactToCustomStun:StunEndMontage
56142	Function	/Script/DogwoodCombat.CombatComponentBase:ReactToCustomHit
56143	StructProperty	/Script/DogwoodCombat.CombatComponentBase:ReactToCustomHit:Tags
56144	ObjectProperty	/Script/DogwoodCombat.CombatComponentBase:ReactToCustomHit:Caster
56145	EnumProperty	/Script/DogwoodCombat.CombatComponentBase:ReactToCustomHit:HitDirection
56146	BoolProperty	/Script/DogwoodCombat.CombatComponentBase:ReactToCustomHit:bIsBlockable
56147	FloatProperty	/Script/DogwoodCombat.CombatComponentBase:ReactToCustomHit:ParryWindow
56148	EnumProperty	/Script/DogwoodCombat.CombatComponentBase:ReactToCustomHit:ReturnValue
56149	Function	/Script/DogwoodCombat.CombatComponentBase:PlayReactionMontage
56150	ObjectProperty	/Script/DogwoodCombat.CombatComponentBase:PlayReactionMontage:ReactionMontage
56151	Function	/Script/DogwoodCombat.CombatComponentBase:PlayFaceAnimation
56152	StructProperty	/Script/DogwoodCombat.CombatComponentBase:PlayFaceAnimation:AnimTag
56153	Function	/Script/DogwoodCombat.CombatComponentBase:PlayDodgeAnimation
56154	StructProperty	/Script/DogwoodCombat.CombatComponentBase:PlayDodgeAnimation:QueryTags
56155	BoolProperty	/Script/DogwoodCombat.CombatComponentBase:PlayDodgeAnimation:bIgnoreStateTransitionRules
56156	StructProperty	/Script/DogwoodCombat.CombatComponentBase:PlayDodgeAnimation:ReturnValue
56157	Function	/Script/DogwoodCombat.CombatComponentBase:PlayBlockParryReaction
56158	ObjectProperty	/Script/DogwoodCombat.CombatComponentBase:PlayBlockParryReaction:ActionMontage
56159	BoolProperty	/Script/DogwoodCombat.CombatComponentBase:PlayBlockParryReaction:bIsParry
56160	Function	/Script/DogwoodCombat.CombatComponentBase:OverrideUnarmedDefenseType
56161	EnumProperty	/Script/DogwoodCombat.CombatComponentBase:OverrideUnarmedDefenseType:DefenseType
56162	ObjectProperty	/Script/DogwoodCombat.CombatComponentBase:OverrideUnarmedDefenseType:EnemyWeapon
56163	EnumProperty	/Script/DogwoodCombat.CombatComponentBase:OverrideUnarmedDefenseType:ReturnValue
56164	Function	/Script/DogwoodCombat.CombatComponentBase:OnSingleHitAnimNotifyBegin
56165	StructProperty	/Script/DogwoodCombat.CombatComponentBase:OnSingleHitAnimNotifyBegin:Data
56166	ObjectProperty	/Script/DogwoodCombat.CombatComponentBase:OnSingleHitAnimNotifyBegin:Animation
56167	Function	/Script/DogwoodCombat.CombatComponentBase:OnKillMeNotify
56168	BoolProperty	/Script/DogwoodCombat.CombatComponentBase:OnKillMeNotify:bKillOutsideOfCombat
56169	Function	/Script/DogwoodCombat.CombatComponentBase:OnKillMeDuringFocusAbility
56170	ObjectProperty	/Script/DogwoodCombat.CombatComponentBase:OnKillMeDuringFocusAbility:Montage
56171	FloatProperty	/Script/DogwoodCombat.CombatComponentBase:OnKillMeDuringFocusAbility:StartTime
56172	Function	/Script/DogwoodCombat.CombatComponentBase:OnItemUnequipped
56173	EnumProperty	/Script/DogwoodCombat.CombatComponentBase:OnItemUnequipped:EquipmentSlot
56174	StructProperty	/Script/DogwoodCombat.CombatComponentBase:OnItemUnequipped:ItemHandle
56175	Function	/Script/DogwoodCombat.CombatComponentBase:OnItemEquipped
56176	EnumProperty	/Script/DogwoodCombat.CombatComponentBase:OnItemEquipped:EquipmentSlot
56177	StructProperty	/Script/DogwoodCombat.CombatComponentBase:OnItemEquipped:ItemHandle
56178	Function	/Script/DogwoodCombat.CombatComponentBase:OnInventoryContentsChanged
56179	Function	/Script/DogwoodCombat.CombatComponentBase:OnHitboxOverlap
56180	ObjectProperty	/Script/DogwoodCombat.CombatComponentBase:OnHitboxOverlap:OverlappedComponent
56181	ObjectProperty	/Script/DogwoodCombat.CombatComponentBase:OnHitboxOverlap:OtherActor
56182	ObjectProperty	/Script/DogwoodCombat.CombatComponentBase:OnHitboxOverlap:OtherComp
56183	IntProperty	/Script/DogwoodCombat.CombatComponentBase:OnHitboxOverlap:OtherBodyIndex
56184	BoolProperty	/Script/DogwoodCombat.CombatComponentBase:OnHitboxOverlap:bBFromSweep
56185	StructProperty	/Script/DogwoodCombat.CombatComponentBase:OnHitboxOverlap:SweepResult
56186	Function	/Script/DogwoodCombat.CombatComponentBase:OnDamageAnimNotify
56187	ObjectProperty	/Script/DogwoodCombat.CombatComponentBase:OnDamageAnimNotify:Animation
56188	ObjectProperty	/Script/DogwoodCombat.CombatComponentBase:OnDamageAnimNotify:DamageAction
56189	Function	/Script/DogwoodCombat.CombatComponentBase:OnCombatMontageStarted
56190	ObjectProperty	/Script/DogwoodCombat.CombatComponentBase:OnCombatMontageStarted:Montage
56191	Function	/Script/DogwoodCombat.CombatComponentBase:OnCombatMontageBlendingOut
56192	ObjectProperty	/Script/DogwoodCombat.CombatComponentBase:OnCombatMontageBlendingOut:Montage
56193	BoolProperty	/Script/DogwoodCombat.CombatComponentBase:OnCombatMontageBlendingOut:bInterrupted
56194	Function	/Script/DogwoodCombat.CombatComponentBase:OnCombatAnimNotifyEnd
56195	StructProperty	/Script/DogwoodCombat.CombatComponentBase:OnCombatAnimNotifyEnd:Data
56196	ObjectProperty	/Script/DogwoodCombat.CombatComponentBase:OnCombatAnimNotifyEnd:Animation
56197	Function	/Script/DogwoodCombat.CombatComponentBase:OnCombatAnimNotifyBegin
56198	StructProperty	/Script/DogwoodCombat.CombatComponentBase:OnCombatAnimNotifyBegin:Data
56199	ObjectProperty	/Script/DogwoodCombat.CombatComponentBase:OnCombatAnimNotifyBegin:Animation
56200	Function	/Script/DogwoodCombat.CombatComponentBase:LockStamina
56201	Function	/Script/DogwoodCombat.CombatComponentBase:LockHealth
56202	Function	/Script/DogwoodCombat.CombatComponentBase:Kill
56203	Function	/Script/DogwoodCombat.CombatComponentBase:IsTaunting
56204	BoolProperty	/Script/DogwoodCombat.CombatComponentBase:IsTaunting:ReturnValue
56205	Function	/Script/DogwoodCombat.CombatComponentBase:IsStunned
56206	BoolProperty	/Script/DogwoodCombat.CombatComponentBase:IsStunned:ReturnValue
56207	Function	/Script/DogwoodCombat.CombatComponentBase:IsPlayingLastReaction
56208	BoolProperty	/Script/DogwoodCombat.CombatComponentBase:IsPlayingLastReaction:ReturnValue
56209	Function	/Script/DogwoodCombat.CombatComponentBase:IsInForcedFistfight
56210	BoolProperty	/Script/DogwoodCombat.CombatComponentBase:IsInForcedFistfight:ReturnValue
56211	Function	/Script/DogwoodCombat.CombatComponentBase:IsFatigued
56212	BoolProperty	/Script/DogwoodCombat.CombatComponentBase:IsFatigued:ReturnValue
56213	Function	/Script/DogwoodCombat.CombatComponentBase:IsEnhancedAttackVisualizationEnabled
56214	FloatProperty	/Script/DogwoodCombat.CombatComponentBase:IsEnhancedAttackVisualizationEnabled:OutEnhancedAttackVisualizationValue
56215	BoolProperty	/Script/DogwoodCombat.CombatComponentBase:IsEnhancedAttackVisualizationEnabled:ReturnValue
56216	Function	/Script/DogwoodCombat.CombatComponentBase:IsDuringCombo
56217	BoolProperty	/Script/DogwoodCombat.CombatComponentBase:IsDuringCombo:ReturnValue
56218	Function	/Script/DogwoodCombat.CombatComponentBase:IsBlocking
56219	BoolProperty	/Script/DogwoodCombat.CombatComponentBase:IsBlocking:ReturnValue
56220	Function	/Script/DogwoodCombat.CombatComponentBase:IsAlive
56221	BoolProperty	/Script/DogwoodCombat.CombatComponentBase:IsAlive:ReturnValue
56222	Function	/Script/DogwoodCombat.CombatComponentBase:IsAdditionalDistanceEnabled
56223	BoolProperty	/Script/DogwoodCombat.CombatComponentBase:IsAdditionalDistanceEnabled:ReturnValue
56224	Function	/Script/DogwoodCombat.CombatComponentBase:HasLostAllStamina
56225	BoolProperty	/Script/DogwoodCombat.CombatComponentBase:HasLostAllStamina:ReturnValue
56226	Function	/Script/DogwoodCombat.CombatComponentBase:HasFullStamina
56227	BoolProperty	/Script/DogwoodCombat.CombatComponentBase:HasFullStamina:ReturnValue
56228	Function	/Script/DogwoodCombat.CombatComponentBase:HasEquippedWeapon
56229	BoolProperty	/Script/DogwoodCombat.CombatComponentBase:HasEquippedWeapon:ReturnValue
56230	Function	/Script/DogwoodCombat.CombatComponentBase:GetWeaponSocketNameForSlot
56231	EnumProperty	/Script/DogwoodCombat.CombatComponentBase:GetWeaponSocketNameForSlot:InSlot
56232	NameProperty	/Script/DogwoodCombat.CombatComponentBase:GetWeaponSocketNameForSlot:ReturnValue
56233	Function	/Script/DogwoodCombat.CombatComponentBase:GetTargetedEnemy
56234	ObjectProperty	/Script/DogwoodCombat.CombatComponentBase:GetTargetedEnemy:ReturnValue
56235	Function	/Script/DogwoodCombat.CombatComponentBase:GetStaminaPercentage
56236	FloatProperty	/Script/DogwoodCombat.CombatComponentBase:GetStaminaPercentage:ReturnValue
56237	Function	/Script/DogwoodCombat.CombatComponentBase:GetSocketNameForSlot
56238	EnumProperty	/Script/DogwoodCombat.CombatComponentBase:GetSocketNameForSlot:InSlot
56239	NameProperty	/Script/DogwoodCombat.CombatComponentBase:GetSocketNameForSlot:ReturnValue
56240	Function	/Script/DogwoodCombat.CombatComponentBase:GetRootMotionScalingEnabled
56241	BoolProperty	/Script/DogwoodCombat.CombatComponentBase:GetRootMotionScalingEnabled:ReturnValue
56242	Function	/Script/DogwoodCombat.CombatComponentBase:GetMainWeapon_WeakPtr
56243	WeakObjectProperty	/Script/DogwoodCombat.CombatComponentBase:GetMainWeapon_WeakPtr:ReturnValue
56244	Function	/Script/DogwoodCombat.CombatComponentBase:GetMainWeapon
56245	ObjectProperty	/Script/DogwoodCombat.CombatComponentBase:GetMainWeapon:ReturnValue
56246	Function	/Script/DogwoodCombat.CombatComponentBase:GetHealthPercentage
56247	FloatProperty	/Script/DogwoodCombat.CombatComponentBase:GetHealthPercentage:ReturnValue
56248	Function	/Script/DogwoodCombat.CombatComponentBase:GetEquippedWeapon
56249	EnumProperty	/Script/DogwoodCombat.CombatComponentBase:GetEquippedWeapon:SlotType
56250	ClassProperty	/Script/DogwoodCombat.CombatComponentBase:GetEquippedWeapon:ReturnValue
56251	Function	/Script/DogwoodCombat.CombatComponentBase:GetDodgeStaminaCost
56252	FloatProperty	/Script/DogwoodCombat.CombatComponentBase:GetDodgeStaminaCost:ReturnValue
56253	Function	/Script/DogwoodCombat.CombatComponentBase:GetDodgeDirectionTag
56254	StructProperty	/Script/DogwoodCombat.CombatComponentBase:GetDodgeDirectionTag:ReturnValue
56255	Function	/Script/DogwoodCombat.CombatComponentBase:GetDodgeBloodCost
56256	FloatProperty	/Script/DogwoodCombat.CombatComponentBase:GetDodgeBloodCost:ReturnValue
56257	Function	/Script/DogwoodCombat.CombatComponentBase:GetDefenseTypeForAttack
56258	StructProperty	/Script/DogwoodCombat.CombatComponentBase:GetDefenseTypeForAttack:InAnimData
56259	StructProperty	/Script/DogwoodCombat.CombatComponentBase:GetDefenseTypeForAttack:InAttackData
56260	EnumProperty	/Script/DogwoodCombat.CombatComponentBase:GetDefenseTypeForAttack:ReturnValue
56261	Function	/Script/DogwoodCombat.CombatComponentBase:GetDefendingWeapon
56262	EnumProperty	/Script/DogwoodCombat.CombatComponentBase:GetDefendingWeapon:Direction
56263	ObjectProperty	/Script/DogwoodCombat.CombatComponentBase:GetDefendingWeapon:ReturnValue
56264	Function	/Script/DogwoodCombat.CombatComponentBase:GetCurrentWeaponAnimationType
56265	EnumProperty	/Script/DogwoodCombat.CombatComponentBase:GetCurrentWeaponAnimationType:ReturnValue
56266	Function	/Script/DogwoodCombat.CombatComponentBase:GetCurrentState
56267	EnumProperty	/Script/DogwoodCombat.CombatComponentBase:GetCurrentState:ReturnValue
56268	Function	/Script/DogwoodCombat.CombatComponentBase:GetCurrentCombatAnimations
56269	ObjectProperty	/Script/DogwoodCombat.CombatComponentBase:GetCurrentCombatAnimations:ReturnValue
56270	Function	/Script/DogwoodCombat.CombatComponentBase:GetCurrentAttackWeapon
56271	ObjectProperty	/Script/DogwoodCombat.CombatComponentBase:GetCurrentAttackWeapon:ReturnValue
56272	Function	/Script/DogwoodCombat.CombatComponentBase:GetConfig
56273	ObjectProperty	/Script/DogwoodCombat.CombatComponentBase:GetConfig:ReturnValue
56274	Function	/Script/DogwoodCombat.CombatComponentBase:GetCombatForwardDirection
56275	StructProperty	/Script/DogwoodCombat.CombatComponentBase:GetCombatForwardDirection:ReturnValue
56276	Function	/Script/DogwoodCombat.CombatComponentBase:GetCharacter
56277	ObjectProperty	/Script/DogwoodCombat.CombatComponentBase:GetCharacter:ReturnValue
56278	Function	/Script/DogwoodCombat.CombatComponentBase:GetCapsuleComponent
56279	ObjectProperty	/Script/DogwoodCombat.CombatComponentBase:GetCapsuleComponent:ReturnValue
56280	Function	/Script/DogwoodCombat.CombatComponentBase:GetAttackMontageFromTags
56281	StructProperty	/Script/DogwoodCombat.CombatComponentBase:GetAttackMontageFromTags:QueryTags
56282	StructProperty	/Script/DogwoodCombat.CombatComponentBase:GetAttackMontageFromTags:AttackData
56283	WeakObjectProperty	/Script/DogwoodCombat.CombatComponentBase:GetAttackMontageFromTags:ReturnValue
56284	Function	/Script/DogwoodCombat.CombatComponentBase:GetAbilitySystemComponent
56285	ObjectProperty	/Script/DogwoodCombat.CombatComponentBase:GetAbilitySystemComponent:ReturnValue
56286	Function	/Script/DogwoodCombat.CombatComponentBase:CanReplaceDodgeAnimation
56287	FloatProperty	/Script/DogwoodCombat.CombatComponentBase:CanReplaceDodgeAnimation:MaxAnimStartTime
56288	BoolProperty	/Script/DogwoodCombat.CombatComponentBase:CanReplaceDodgeAnimation:ReturnValue
56289	Function	/Script/DogwoodCombat.CombatComponentBase:CanPerformBlockInDirection
56290	EnumProperty	/Script/DogwoodCombat.CombatComponentBase:CanPerformBlockInDirection:InDirection
56291	BoolProperty	/Script/DogwoodCombat.CombatComponentBase:CanPerformBlockInDirection:ReturnValue
56292	Function	/Script/DogwoodCombat.CombatComponentBase:CanPerformAttackInDirection
56293	EnumProperty	/Script/DogwoodCombat.CombatComponentBase:CanPerformAttackInDirection:InDirection
56294	BoolProperty	/Script/DogwoodCombat.CombatComponentBase:CanPerformAttackInDirection:ReturnValue
56295	Function	/Script/DogwoodCombat.CombatComponentBase:CanPerformAttack
56296	BoolProperty	/Script/DogwoodCombat.CombatComponentBase:CanPerformAttack:bEarlyTest
56297	BoolProperty	/Script/DogwoodCombat.CombatComponentBase:CanPerformAttack:ReturnValue
56298	Function	/Script/DogwoodCombat.CombatComponentBase:CanPerformAnyAction
56299	BoolProperty	/Script/DogwoodCombat.CombatComponentBase:CanPerformAnyAction:ReturnValue
56300	Function	/Script/DogwoodCombat.CombatComponentBase:CanEnterState
56301	EnumProperty	/Script/DogwoodCombat.CombatComponentBase:CanEnterState:State
56302	BoolProperty	/Script/DogwoodCombat.CombatComponentBase:CanEnterState:ReturnValue
56303	Function	/Script/DogwoodCombat.CombatComponentBase:CanDefend
56304	BoolProperty	/Script/DogwoodCombat.CombatComponentBase:CanDefend:ReturnValue
56305	Function	/Script/DogwoodCombat.CombatComponentBase:BreakCurrentMontageOut
56306	StructProperty	/Script/DogwoodCombat.CombatComponentBase:BreakCurrentMontageOut:CallbackTag
56307	IntProperty	/Script/DogwoodCombat.CombatComponentBase:BreakCurrentMontageOut:NewCount
56308	Function	/Script/DogwoodCombat.CombatComponentBase:BreakCurrentMontage
56309	StructProperty	/Script/DogwoodCombat.CombatComponentBase:BreakCurrentMontage:CallbackTag
56310	IntProperty	/Script/DogwoodCombat.CombatComponentBase:BreakCurrentMontage:NewCount
56311	BoolProperty	/Script/DogwoodCombat.CombatComponentBase:BreakCurrentMontage:ReturnValue
56312	Function	/Script/DogwoodCombat.CombatComponentBase:BP_ApplyAttackDamage
56313	StructProperty	/Script/DogwoodCombat.CombatComponentBase:BP_ApplyAttackDamage:InAttack
56314	StructProperty	/Script/DogwoodCombat.CombatComponentBase:BP_ApplyAttackDamage:InOpponentResponse
56315	ObjectProperty	/Script/DogwoodCombat.CombatComponentBase:BP_ApplyAttackDamage:AttackerWeapon
56316	ObjectProperty	/Script/DogwoodCombat.CombatComponentBase:BP_ApplyAttackDamage:DefenderWeapon
56317	Function	/Script/DogwoodCombat.CombatComponentBase:BlockCombat
66195	Class	/Script/Dawnwalker.AudioCharacterCombatComponentBase
66196	WeakObjectProperty	/Script/Dawnwalker.AudioCharacterCombatComponentBase:InventoryComponent
66197	WeakObjectProperty	/Script/Dawnwalker.AudioCharacterCombatComponentBase:CombatComponentBase
66198	ObjectProperty	/Script/Dawnwalker.AudioCharacterCombatComponentBase:CastedOwner
67847	Class	/Script/Dawnwalker.DogwoodPopulationSimpleSpawner
68793	Class	/Script/Dawnwalker.SpawnPopulationActorAsyncAction
68794	MulticastInlineDelegateProperty	/Script/Dawnwalker.SpawnPopulationActorAsyncAction:Spawned
68795	MulticastInlineDelegateProperty	/Script/Dawnwalker.SpawnPopulationActorAsyncAction:Failed
68796	ObjectProperty	/Script/Dawnwalker.SpawnPopulationActorAsyncAction:Spawner
68797	WeakObjectProperty	/Script/Dawnwalker.SpawnPopulationActorAsyncAction:ContextWorld
68798	Function	/Script/Dawnwalker.SpawnPopulationActorAsyncAction:RunAsyncAction
68799	ObjectProperty	/Script/Dawnwalker.SpawnPopulationActorAsyncAction:RunAsyncAction:WorldContext
68800	SoftClassProperty	/Script/Dawnwalker.SpawnPopulationActorAsyncAction:RunAsyncAction:NPCDefinitionClass
68801	SoftClassProperty	/Script/Dawnwalker.SpawnPopulationActorAsyncAction:RunAsyncAction:AIDefinitionClass
68802	StructProperty	/Script/Dawnwalker.SpawnPopulationActorAsyncAction:RunAsyncAction:Location
68803	FloatProperty	/Script/Dawnwalker.SpawnPopulationActorAsyncAction:RunAsyncAction:Rotation
68804	ObjectProperty	/Script/Dawnwalker.SpawnPopulationActorAsyncAction:RunAsyncAction:ReturnValue
106308	DelegateFunction	/Script/RebelAI.RebelAIStubEventDynamicDelegate__DelegateSignature
106309	ObjectProperty	/Script/RebelAI.RebelAIStubEventDynamicDelegate__DelegateSignature:AIStub
106310	StructProperty	/Script/RebelAI.RebelAIStubEventDynamicDelegate__DelegateSignature:Event
136459	ScriptStruct	/Script/RebelFormation.RebelFormationGroup_PositionData
136460	IntProperty	/Script/RebelFormation.RebelFormationGroup_PositionData:Column
136461	IntProperty	/Script/RebelFormation.RebelFormationGroup_PositionData:Row
136462	IntProperty	/Script/RebelFormation.RebelFormationGroup_PositionData:RowPosition
136463	ScriptStruct	/Script/RebelFormation.RebelFormationGroup_ColumnData
136464	StructProperty	/Script/RebelFormation.RebelFormationGroup_ColumnData:position
136465	StructProperty	/Script/RebelFormation.RebelFormationGroup_ColumnData:Direction
136466	ArrayProperty	/Script/RebelFormation.RebelFormationGroup_ColumnData:PositionModifiers
136467	Int8Property	PositionModifiers./Script/RebelFormation.RebelFormationGroup_ColumnData:PositionModifiers
136468	Int8Property	/Script/RebelFormation.RebelFormationGroup_ColumnData:ColumnPosition
136469	ArrayProperty	/Script/RebelFormation.RebelFormationGroup_ColumnData:RowPositions
136470	StructProperty	RowPositions./Script/RebelFormation.RebelFormationGroup_ColumnData:RowPositions
136471	ArrayProperty	/Script/RebelFormation.RebelFormationGroup_ColumnData:Turns
136472	StructProperty	Turns./Script/RebelFormation.RebelFormationGroup_ColumnData:Turns
136473	ScriptStruct	/Script/RebelFormation.RebelFormationGroup_FormationPositionData
136474	StructProperty	/Script/RebelFormation.RebelFormationGroup_FormationPositionData:SpawnPosition
136475	StructProperty	/Script/RebelFormation.RebelFormationGroup_FormationPositionData:LastDirection
136476	StructProperty	/Script/RebelFormation.RebelFormationGroup_FormationPositionData:LastPosition
136820	ScriptStruct	/Script/RebelAI.RebelAIBoardFragment
136821	ScriptStruct	/Script/RebelAI.RebelAIBoardFragmentInitializer
136824	ScriptStruct	/Script/RebelAI.RebelAIBoardFragment_Aggression
136825	BoolProperty	/Script/RebelAI.RebelAIBoardFragment_Aggression:bIsAggressive
136826	ScriptStruct	/Script/RebelAI.RebelAIBoardFragment_Combat
136827	BoolProperty	/Script/RebelAI.RebelAIBoardFragment_Combat:bInCombat
136828	FloatProperty	/Script/RebelAI.RebelAIBoardFragment_Combat:DistanceToTarget
136829	FloatProperty	/Script/RebelAI.RebelAIBoardFragment_Combat:TargetLastSeenTime
136830	FloatProperty	/Script/RebelAI.RebelAIBoardFragment_Combat:LastActiveTime
136831	StructProperty	/Script/RebelAI.RebelAIBoardFragment_Combat:AttackRange
136832	BoolProperty	/Script/RebelAI.RebelAIBoardFragment_Combat:bInAttackRange
136833	BoolProperty	/Script/RebelAI.RebelAIBoardFragment_Combat:bInAttackWindow
136834	BoolProperty	/Script/RebelAI.RebelAIBoardFragment_Combat:bAfterAttackWindow
136835	BoolProperty	/Script/RebelAI.RebelAIBoardFragment_Combat:bIsDuringUnblockableAttack
136836	DoubleProperty	/Script/RebelAI.RebelAIBoardFragment_Combat:LastUnblockableAttackTime
136837	StructProperty	/Script/RebelAI.RebelAIBoardFragment_Combat:BlockingDirection
136838	MapProperty	/Script/RebelAI.RebelAIBoardFragment_Combat:CustomGuardDirectionMappings
136839	StructProperty	CustomGuardDirectionMappings./Script/RebelAI.RebelAIBoardFragment_Combat:CustomGuardDirectionMappings_Key
136840	StructProperty	CustomGuardDirectionMappings./Script/RebelAI.RebelAIBoardFragment_Combat:CustomGuardDirectionMappings
136841	BoolProperty	/Script/RebelAI.RebelAIBoardFragment_Combat:bShouldShowGuardOnAnimation
136842	StructProperty	/Script/RebelAI.RebelAIBoardFragment_Combat:ActiveDefense
136843	StructProperty	/Script/RebelAI.RebelAIBoardFragment_Combat:SelectedAttack
136844	StructProperty	/Script/RebelAI.RebelAIBoardFragment_Combat:SelectedAttackNode
136845	StructProperty	/Script/RebelAI.RebelAIBoardFragment_Combat:NewestStunEffectAssetTags
136846	StructProperty	/Script/RebelAI.RebelAIBoardFragment_Combat:Origin
136847	WeakObjectProperty	/Script/RebelAI.RebelAIBoardFragment_Combat:RecentAttacker
136848	WeakObjectProperty	/Script/RebelAI.RebelAIBoardFragment_Combat:RecentDamager
136849	ArrayProperty	/Script/RebelAI.RebelAIBoardFragment_Combat:RecentAttacks
136850	StructProperty	RecentAttacks./Script/RebelAI.RebelAIBoardFragment_Combat:RecentAttacks
136851	StructProperty	/Script/RebelAI.RebelAIBoardFragment_Combat:LastAttackCombatPose
136852	BoolProperty	/Script/RebelAI.RebelAIBoardFragment_Combat:bIsReadyForFinisher
136853	IntProperty	/Script/RebelAI.RebelAIBoardFragment_Combat:TotalPhases
136854	IntProperty	/Script/RebelAI.RebelAIBoardFragment_Combat:CurrentPhase
136855	BoolProperty	/Script/RebelAI.RebelAIBoardFragment_Combat:bTurnToLastBlockedEnemy
136856	BoolProperty	/Script/RebelAI.RebelAIBoardFragment_Combat:bUseLookAtTarget
136857	FloatProperty	/Script/RebelAI.RebelAIBoardFragment_Combat:CurrentHitStopPlayRate
136858	StructProperty	/Script/RebelAI.RebelAIBoardFragment_Combat:CurrentHitStopActionTag
136859	BoolProperty	/Script/RebelAI.RebelAIBoardFragment_Combat:bHasCombatPathForCoen
136860	DoubleProperty	/Script/RebelAI.RebelAIBoardFragment_Combat:NextPathCheckTime
136861	DoubleProperty	/Script/RebelAI.RebelAIBoardFragment_Combat:LastPathCheckTime
136874	ScriptStruct	/Script/RebelAI.RebelAIBoardFragment_Cooldowns
136875	ScriptStruct	/Script/RebelAI.RebelAIBoardFragment_Counters
136876	ScriptStruct	/Script/RebelAI.RebelAIBoardFragment_DebugAP
136877	WeakObjectProperty	/Script/RebelAI.RebelAIBoardFragment_DebugAP:LastUsedAPMontage
136878	FloatProperty	/Script/RebelAI.RebelAIBoardFragment_DebugAP:LastAPTickTime
136879	BoolProperty	/Script/RebelAI.RebelAIBoardFragment_DebugAP:bIsEnteringAP
136880	BoolProperty	/Script/RebelAI.RebelAIBoardFragment_DebugAP:bIsDuringLeavingState
136881	BoolProperty	/Script/RebelAI.RebelAIBoardFragment_DebugAP:bIsAborted
136882	IntProperty	/Script/RebelAI.RebelAIBoardFragment_DebugAP:AbortMode
136883	ScriptStruct	/Script/RebelAI.RebelAIBoardFragment_Follower
136884	BoolProperty	/Script/RebelAI.RebelAIBoardFragment_Follower:bFollowerModeEnabled
136885	FloatProperty	/Script/RebelAI.RebelAIBoardFragment_Follower:KeepDistanceToPlayer
136886	FloatProperty	/Script/RebelAI.RebelAIBoardFragment_Follower:KeepDistanceToPlayerMoveTo
136887	FloatProperty	/Script/RebelAI.RebelAIBoardFragment_Follower:TeleportDistance
136888	FloatProperty	/Script/RebelAI.RebelAIBoardFragment_Follower:ReturnToAPDistance
136889	BoolProperty	/Script/RebelAI.RebelAIBoardFragment_Follower:bIsPlayerInFollowArea
136890	BoolProperty	/Script/RebelAI.RebelAIBoardFragment_Follower:bIsCrouchingToPlayer
136891	IntProperty	/Script/RebelAI.RebelAIBoardFragment_Follower:PathToPlayerNotExist
136892	EnumProperty	/Script/RebelAI.RebelAIBoardFragment_Follower:FollowerSpeed
136893	BoolProperty	/Script/RebelAI.RebelAIBoardFragment_Follower:bReturnToAP
136894	BoolProperty	/Script/RebelAI.RebelAIBoardFragment_Follower:bIsTemporaryFollower
136897	ScriptStruct	/Script/RebelAI.RebelAIBoardFragment_Indicator
136898	MulticastInlineDelegateProperty	/Script/RebelAI.RebelAIBoardFragment_Indicator:OnIndicatorIconTypeChanged
136899	ScriptStruct	/Script/RebelAI.RebelAIBoardFragment_Leader
136900	BoolProperty	/Script/RebelAI.RebelAIBoardFragment_Leader:bLeaderModeEnabled
136901	EnumProperty	/Script/RebelAI.RebelAIBoardFragment_Leader:LeaderSpeed
136902	ObjectProperty	/Script/RebelAI.RebelAIBoardFragment_Leader:TargetSpline
136903	BoolProperty	/Script/RebelAI.RebelAIBoardFragment_Leader:bMoveBackward
136904	FloatProperty	/Script/RebelAI.RebelAIBoardFragment_Leader:PlayerDetectionRadius
136905	FloatProperty	/Script/RebelAI.RebelAIBoardFragment_Leader:LeaderStopRadius
136906	FloatProperty	/Script/RebelAI.RebelAIBoardFragment_Leader:CurrentDistanceToPlayer
136907	FloatProperty	/Script/RebelAI.RebelAIBoardFragment_Leader:PlayerToFarEventRadius
136908	BoolProperty	/Script/RebelAI.RebelAIBoardFragment_Leader:bWaitForPlayer
136909	BoolProperty	/Script/RebelAI.RebelAIBoardFragment_Leader:bOverrideSpeed
136910	EnumProperty	/Script/RebelAI.RebelAIBoardFragment_Leader:OverridenSpeed
136911	BoolProperty	/Script/RebelAI.RebelAIBoardFragment_Leader:bLoopSpline
136912	IntProperty	/Script/RebelAI.RebelAIBoardFragment_Leader:MovementProfileHandle
136913	BoolProperty	/Script/RebelAI.RebelAIBoardFragment_Leader:bHasCustomMovementProfile
136914	FloatProperty	/Script/RebelAI.RebelAIBoardFragment_Leader:CurrentSplinePosition
136915	BoolProperty	/Script/RebelAI.RebelAIBoardFragment_Leader:bIgnoreNavmeshAndNavlinksWhenOnSpline
136916	FloatProperty	/Script/RebelAI.RebelAIBoardFragment_Leader:TargetRefreshRate
136917	FloatProperty	/Script/RebelAI.RebelAIBoardFragment_Leader:WantToChangeSpeedTime
136918	FloatProperty	/Script/RebelAI.RebelAIBoardFragment_Leader:WaitStartTime
136919	FloatProperty	/Script/RebelAI.RebelAIBoardFragment_Leader:TimeToTurnToPlayer
136920	FloatProperty	/Script/RebelAI.RebelAIBoardFragment_Leader:WithoutNavmeshStartTime
136921	BoolProperty	/Script/RebelAI.RebelAIBoardFragment_Leader:bPlayerIsMoving
136922	FloatProperty	/Script/RebelAI.RebelAIBoardFragment_Leader:PlayerLastMoveTime
136923	FloatProperty	/Script/RebelAI.RebelAIBoardFragment_Leader:LastNavLinkUseTime
136924	FloatProperty	/Script/RebelAI.RebelAIBoardFragment_Leader:LastTurnTime
136925	ScriptStruct	/Script/RebelAI.RebelAIBoardFragment_Positioning
136926	FloatProperty	/Script/RebelAI.RebelAIBoardFragment_Positioning:AssignedOrbit
136927	FloatProperty	/Script/RebelAI.RebelAIBoardFragment_Positioning:AssignedAngle
136928	StructProperty	/Script/RebelAI.RebelAIBoardFragment_Positioning:PreferredLocation
136929	BoolProperty	/Script/RebelAI.RebelAIBoardFragment_Positioning:bPreferredLocationIsSet
136930	StructProperty	/Script/RebelAI.RebelAIBoardFragment_Positioning:DestinationLoactionOnOrbit
136931	ScriptStruct	/Script/RebelAI.RebelAIBoardFragment_TicketBoard
136932	ScriptStruct	/Script/RebelAI.RebelAIBoardFragment_TicketUser
136933	BoolProperty	/Script/RebelAI.RebelAIBoardFragment_TicketUser:bHasTicket
137350	ScriptStruct	/Script/RebelAI.RebelAIParams_Attack
137351	StructProperty	/Script/RebelAI.RebelAIParams_Attack:Direction
137352	StructProperty	/Script/RebelAI.RebelAIParams_Attack:AdditionalTags
137353	StructProperty	/Script/RebelAI.RebelAIParams_Attack:AttackRange
137354	BoolProperty	/Script/RebelAI.RebelAIParams_Attack:bUnblockable
137379	ScriptStruct	/Script/RebelAI.RebelAIParams_Defense
137380	StructProperty	/Script/RebelAI.RebelAIParams_Defense:Range
137682	ScriptStruct	/Script/RebelAI.RebelAIAggressionSettings
137683	BoolProperty	/Script/RebelAI.RebelAIAggressionSettings:bUseAggressionController
137684	DoubleProperty	/Script/RebelAI.RebelAIAggressionSettings:MaxPathLengthToOpponent
138057	ScriptStruct	/Script/RebelAI.RebelAITrait_Aggression
138058	FloatProperty	/Script/RebelAI.RebelAITrait_Aggression:BaseAggression
138059	BoolProperty	/Script/RebelAI.RebelAITrait_Aggression:bUsePositioningOrbits
141428	ScriptStruct	/Script/Dawnwalker.RebelFormationGroup_PawnDataPS
